"shape","n","median_s_prepare","IQR_s_prepare","median_s_compute","IQR_s_compute","method","workload","route","prepared_end_to_end_s"
"random",100,0.0100000000000002,0.0100000000000002,0,0,"K","single_trait_crossover","C_prepared_end_to_end_derived",0.0100000000000002
"random",1000,0.0750000000000002,0.0174999999999996,0.0199999999999996,0.0174999999999994,"K","single_trait_crossover","C_prepared_end_to_end_derived",0.0949999999999998
"random",10000,0.949999999999996,0.119999999999997,0.100000000000001,0.00999999999999801,"K","single_trait_crossover","C_prepared_end_to_end_derived",1.05
"random",2000,0.145,0.017500000000001,0.0199999999999996,0.0174999999999992,"K","single_trait_crossover","C_prepared_end_to_end_derived",0.164999999999999
"random",20000,2.28999999999999,0.320000000000007,0.240000000000002,0.0300000000000011,"K","single_trait_crossover","C_prepared_end_to_end_derived",2.52999999999999
"random",300,0.03,0.00750000000000028,0.01,0.0175000000000001,"K","single_trait_crossover","C_prepared_end_to_end_derived",0.04
"random",50,0,0,0,0,"K","single_trait_crossover","C_prepared_end_to_end_derived",0
"random",500,0.04,0.0174999999999996,0.00999999999999979,0.0174999999999998,"K","single_trait_crossover","C_prepared_end_to_end_derived",0.0499999999999998
"random",5000,0.440000000000001,0.0699999999999994,0.0649999999999995,0.0199999999999996,"K","single_trait_crossover","C_prepared_end_to_end_derived",0.505000000000001
