"n","nsim","n_threads_requested","n_threads_effective","openmp_compiled","openmp_max_threads","simulation_chunk","replicate","phase","elapsed_s","native_elapsed_s","status","warning_text","error_message","rng_draws","fisher_yates_swaps","checksum","trace_rows","peak_index_bytes","observed_s","generation_and_chunk_s","evaluation_s","accounting_s"
500,999,1,1,TRUE,16,128,1,"generation",0,0.0054582,"ok","","",498002,498002,"0cac9cbace383401",3,2000,NA,NA,NA,NA
500,999,1,1,TRUE,16,128,1,"evaluation",0.0199999999999996,0.0166913,"ok","","",NA,NA,"8a5a4f3304ecfef7",NA,16000,NA,NA,0.0166913,NA
500,999,1,1,TRUE,16,128,1,"full",0.0299999999999994,0.0226827,"ok","","",498002,498002,"0cac9cbace383401",3,260000,2.42e-05,0.0058716,0.0167654,1.6e-06
500,999,1,1,TRUE,16,128,2,"full",0.00999999999999979,0.0225174,"ok","","",498002,498002,"d9cfacc5d43b2d80",3,260000,2.23e-05,0.0057192,0.0167656,5e-07
500,999,1,1,TRUE,16,128,2,"evaluation",0.00999999999999979,0.0162461,"ok","","",NA,NA,"8a5a4f3304ecfef7",NA,16000,NA,NA,0.0162461,NA
500,999,1,1,TRUE,16,128,2,"generation",0,0.0058463,"ok","","",498002,498002,"d9cfacc5d43b2d80",3,2000,NA,NA,NA,NA
500,999,1,1,TRUE,16,128,3,"generation",0.0199999999999996,0.0056654,"ok","","",498002,498002,"55682d2459ff53fe",3,2000,NA,NA,NA,NA
500,999,1,1,TRUE,16,128,3,"evaluation",0.0199999999999996,0.0166935,"ok","","",NA,NA,"8a5a4f3304ecfef7",NA,16000,NA,NA,0.0166935,NA
500,999,1,1,TRUE,16,128,3,"full",0.00999999999999979,0.0222258,"ok","","",498002,498002,"55682d2459ff53fe",3,260000,1.98e-05,0.0057158,0.01647,6e-07
500,999,1,1,TRUE,16,128,4,"full",0.00999999999999979,0.0220661,"ok","","",498002,498002,"c82fd229fec97e70",3,260000,2.16e-05,0.0055938,0.0164424,2e-07
500,999,1,1,TRUE,16,128,4,"evaluation",0.0199999999999996,0.0163918,"ok","","",NA,NA,"8a5a4f3304ecfef7",NA,16000,NA,NA,0.0163918,NA
500,999,1,1,TRUE,16,128,4,"generation",0.00999999999999979,0.0057435,"ok","","",498002,498002,"c82fd229fec97e70",3,2000,NA,NA,NA,NA
500,999,1,1,TRUE,16,128,5,"generation",0,0.0055054,"ok","","",498002,498002,"4050ea5873f48a66",3,2000,NA,NA,NA,NA
500,999,1,1,TRUE,16,128,5,"evaluation",0.0199999999999996,0.0162715,"ok","","",NA,NA,"8a5a4f3304ecfef7",NA,16000,NA,NA,0.0162715,NA
500,999,1,1,TRUE,16,128,5,"full",0.0300000000000011,0.0219917,"ok","","",498002,498002,"4050ea5873f48a66",3,260000,2.21e-05,0.0057217,0.0162273,2e-07
500,999,1,1,TRUE,16,128,6,"full",0.0199999999999996,0.0219622,"ok","","",498002,498002,"33b4a7468018bf6d",3,260000,2.24e-05,0.005589,0.0163404,2e-07
500,999,1,1,TRUE,16,128,6,"evaluation",0.00999999999999979,0.0161316,"ok","","",NA,NA,"8a5a4f3304ecfef7",NA,16000,NA,NA,0.0161316,NA
500,999,1,1,TRUE,16,128,6,"generation",0.0199999999999996,0.0055118,"ok","","",498002,498002,"33b4a7468018bf6d",3,2000,NA,NA,NA,NA
500,999,1,1,TRUE,16,128,7,"generation",0,0.0055097,"ok","","",498002,498002,"45c391d4ef14763d",3,2000,NA,NA,NA,NA
500,999,1,1,TRUE,16,128,7,"evaluation",0.00999999999999979,0.0167026,"ok","","",NA,NA,"8a5a4f3304ecfef7",NA,16000,NA,NA,0.0167026,NA
500,999,1,1,TRUE,16,128,7,"full",0.00999999999999979,0.0222562,"ok","","",498002,498002,"45c391d4ef14763d",3,260000,2.13e-05,0.0056974,0.0165163,2e-07
500,999,1,1,TRUE,16,128,8,"full",0.0199999999999996,0.022144,"ok","","",498002,498002,"008cd699f53baf80",3,260000,2.11e-05,0.0056515,0.016463,2e-07
500,999,1,1,TRUE,16,128,8,"evaluation",0.00999999999999979,0.0161446,"ok","","",NA,NA,"8a5a4f3304ecfef7",NA,16000,NA,NA,0.0161446,NA
500,999,1,1,TRUE,16,128,8,"generation",0,0.0057117,"ok","","",498002,498002,"008cd699f53baf80",3,2000,NA,NA,NA,NA
500,999,1,1,TRUE,16,128,9,"generation",0.0200000000000014,0.0061516,"ok","","",498002,498002,"6da01a116331eda6",3,2000,NA,NA,NA,NA
500,999,1,1,TRUE,16,128,9,"evaluation",0.00999999999999979,0.0164677,"ok","","",NA,NA,"8a5a4f3304ecfef7",NA,16000,NA,NA,0.0164677,NA
500,999,1,1,TRUE,16,128,9,"full",0.0199999999999996,0.0223164,"ok","","",498002,498002,"6da01a116331eda6",3,260000,2.22e-05,0.0056698,0.0165401,3e-07
500,999,1,1,TRUE,16,128,10,"full",0.0299999999999994,0.0219424,"ok","","",498002,498002,"984cae7556c73226",3,260000,2.17e-05,0.005578,0.0163249,6e-07
500,999,1,1,TRUE,16,128,10,"evaluation",0.0100000000000016,0.0165125,"ok","","",NA,NA,"8a5a4f3304ecfef7",NA,16000,NA,NA,0.0165125,NA
500,999,1,1,TRUE,16,128,10,"generation",0,0.0057372,"ok","","",498002,498002,"984cae7556c73226",3,2000,NA,NA,NA,NA
500,999,2,2,TRUE,16,128,1,"generation",0,0.0058486,"ok","","",498002,498002,"0cac9cbace383401",3,2000,NA,NA,NA,NA
500,999,2,2,TRUE,16,128,1,"evaluation",0.0199999999999996,0.0097172,"ok","","",NA,NA,"ed506961836be833",NA,16000,NA,NA,0.0097172,NA
500,999,2,2,TRUE,16,128,1,"full",0.00999999999999979,0.017524,"ok","","",498002,498002,"0cac9cbace383401",3,262000,0.0001268,0.006958,0.0104049,2e-07
500,999,2,2,TRUE,16,128,2,"full",0.0200000000000014,0.0158939,"ok","","",498002,498002,"d9cfacc5d43b2d80",3,262000,2.11e-05,0.0062154,0.0096502,2e-07
500,999,2,2,TRUE,16,128,2,"evaluation",0.00999999999999979,0.0091063,"ok","","",NA,NA,"ed506961836be833",NA,16000,NA,NA,0.0091063,NA
500,999,2,2,TRUE,16,128,2,"generation",0,0.0079418,"ok","","",498002,498002,"d9cfacc5d43b2d80",3,2000,NA,NA,NA,NA
500,999,2,2,TRUE,16,128,3,"generation",0,0.0057652,"ok","","",498002,498002,"55682d2459ff53fe",3,2000,NA,NA,NA,NA
500,999,2,2,TRUE,16,128,3,"evaluation",0.0199999999999996,0.0098157,"ok","","",NA,NA,"ed506961836be833",NA,16000,NA,NA,0.0098157,NA
500,999,2,2,TRUE,16,128,3,"full",0.00999999999999979,0.0157876,"ok","","",498002,498002,"55682d2459ff53fe",3,262000,3.28e-05,0.006048,0.0096834,8e-07
500,999,2,2,TRUE,16,128,4,"full",0.0200000000000014,0.0172624,"ok","","",498002,498002,"c82fd229fec97e70",3,262000,3.91e-05,0.0067359,0.0104739,2e-07
500,999,2,2,TRUE,16,128,4,"evaluation",0.00999999999999979,0.0092218,"ok","","",NA,NA,"ed506961836be833",NA,16000,NA,NA,0.0092218,NA
500,999,2,2,TRUE,16,128,4,"generation",0,0.0067243,"ok","","",498002,498002,"c82fd229fec97e70",3,2000,NA,NA,NA,NA
500,999,2,2,TRUE,16,128,5,"generation",0.0199999999999996,0.0057408,"ok","","",498002,498002,"4050ea5873f48a66",3,2000,NA,NA,NA,NA
500,999,2,2,TRUE,16,128,5,"evaluation",0,0.0092889,"ok","","",NA,NA,"ed506961836be833",NA,16000,NA,NA,0.0092889,NA
500,999,2,2,TRUE,16,128,5,"full",0.0299999999999994,0.0178392,"ok","","",498002,498002,"4050ea5873f48a66",3,262000,5.61e-05,0.0072703,0.0104869,2e-07
500,999,2,2,TRUE,16,128,6,"full",0.0100000000000016,0.0162509,"ok","","",498002,498002,"33b4a7468018bf6d",3,262000,2.29e-05,0.0058843,0.0103345,5e-07
500,999,2,2,TRUE,16,128,6,"evaluation",0.0199999999999996,0.0090636,"ok","","",NA,NA,"ed506961836be833",NA,16000,NA,NA,0.0090636,NA
500,999,2,2,TRUE,16,128,6,"generation",0,0.00602,"ok","","",498002,498002,"33b4a7468018bf6d",3,2000,NA,NA,NA,NA
500,999,2,2,TRUE,16,128,7,"generation",0,0.0057727,"ok","","",498002,498002,"45c391d4ef14763d",3,2000,NA,NA,NA,NA
500,999,2,2,TRUE,16,128,7,"evaluation",0,0.0092722,"ok","","",NA,NA,"ed506961836be833",NA,16000,NA,NA,0.0092722,NA
500,999,2,2,TRUE,16,128,7,"full",0.00999999999999979,0.0165617,"ok","","",498002,498002,"45c391d4ef14763d",3,262000,3.25e-05,0.0063015,0.0102034,3e-07
500,999,2,2,TRUE,16,128,8,"full",0.0199999999999996,0.0152734,"ok","","",498002,498002,"008cd699f53baf80",3,262000,2.3e-05,0.0058942,0.0093415,5e-07
500,999,2,2,TRUE,16,128,8,"evaluation",0,0.0095044,"ok","","",NA,NA,"ed506961836be833",NA,16000,NA,NA,0.0095044,NA
500,999,2,2,TRUE,16,128,8,"generation",0.0200000000000014,0.00667,"ok","","",498002,498002,"008cd699f53baf80",3,2000,NA,NA,NA,NA
500,999,2,2,TRUE,16,128,9,"generation",0,0.0057538,"ok","","",498002,498002,"6da01a116331eda6",3,2000,NA,NA,NA,NA
500,999,2,2,TRUE,16,128,9,"evaluation",0.00999999999999979,0.0094218,"ok","","",NA,NA,"ed506961836be833",NA,16000,NA,NA,0.0094218,NA
500,999,2,2,TRUE,16,128,9,"full",0.0199999999999996,0.0171091,"ok","","",498002,498002,"6da01a116331eda6",3,262000,2.74e-05,0.0065632,0.0104996,2e-07
500,999,2,2,TRUE,16,128,10,"full",0.0199999999999996,0.0158001,"ok","","",498002,498002,"984cae7556c73226",3,262000,2.12e-05,0.0059896,0.0097827,2e-07
500,999,2,2,TRUE,16,128,10,"evaluation",0.00999999999999979,0.0094917,"ok","","",NA,NA,"ed506961836be833",NA,16000,NA,NA,0.0094917,NA
500,999,2,2,TRUE,16,128,10,"generation",0.0200000000000014,0.0069718,"ok","","",498002,498002,"984cae7556c73226",3,2000,NA,NA,NA,NA
500,9999,1,1,TRUE,16,128,1,"generation",0.0700000000000003,0.0565751,"ok","","",4989002,4989002,"0488e433f1fc6183",3,2000,NA,NA,NA,NA
500,9999,1,1,TRUE,16,128,1,"evaluation",0.149999999999999,0.1646684,"ok","","",NA,NA,"1e4bfe857b7f2f35",NA,16000,NA,NA,0.1646684,NA
500,9999,1,1,TRUE,16,128,1,"full",0.24,0.2226715,"ok","","",4989002,4989002,"0488e433f1fc6183",3,260000,2.19e-05,0.0566816,0.1658543,9e-07
500,9999,1,1,TRUE,16,128,2,"full",0.220000000000001,0.2232296,"ok","","",4989002,4989002,"00558afd9e3dd5fd",3,260000,2.15e-05,0.0569683,0.1662211,2e-07
500,9999,1,1,TRUE,16,128,2,"evaluation",0.17,0.165767,"ok","","",NA,NA,"1e4bfe857b7f2f35",NA,16000,NA,NA,0.165767,NA
500,9999,1,1,TRUE,16,128,2,"generation",0.0600000000000005,0.0567466,"ok","","",4989002,4989002,"00558afd9e3dd5fd",3,2000,NA,NA,NA,NA
500,9999,1,1,TRUE,16,128,3,"generation",0.0499999999999989,0.057143,"ok","","",4989002,4989002,"b239cba95bb17524",3,2000,NA,NA,NA,NA
500,9999,1,1,TRUE,16,128,3,"evaluation",0.16,0.1681743,"ok","","",NA,NA,"1e4bfe857b7f2f35",NA,16000,NA,NA,0.1681743,NA
500,9999,1,1,TRUE,16,128,3,"full",0.23,0.2228996,"ok","","",4989002,4989002,"b239cba95bb17524",3,260000,2.34e-05,0.0572376,0.1655827,3e-07
500,9999,1,1,TRUE,16,128,4,"full",0.220000000000001,0.2243563,"ok","","",4989002,4989002,"8611e589460c8a39",3,260000,2.23e-05,0.0569932,0.1673252,2e-07
500,9999,1,1,TRUE,16,128,4,"evaluation",0.17,0.1651028,"ok","","",NA,NA,"1e4bfe857b7f2f35",NA,16000,NA,NA,0.1651028,NA
500,9999,1,1,TRUE,16,128,4,"generation",0.0700000000000003,0.0564005,"ok","","",4989002,4989002,"8611e589460c8a39",3,2000,NA,NA,NA,NA
500,9999,1,1,TRUE,16,128,5,"generation",0.0399999999999991,0.0566388,"ok","","",4989002,4989002,"178b01845b8682cf",3,2000,NA,NA,NA,NA
500,9999,1,1,TRUE,16,128,5,"evaluation",0.18,0.1675933,"ok","","",NA,NA,"1e4bfe857b7f2f35",NA,16000,NA,NA,0.1675933,NA
500,9999,1,1,TRUE,16,128,5,"full",0.23,0.225554,"ok","","",4989002,4989002,"178b01845b8682cf",3,260000,2.11e-05,0.0579651,0.167544,2e-07
500,9999,1,1,TRUE,16,128,6,"full",0.220000000000001,0.2238002,"ok","","",4989002,4989002,"b7395b4cf59f46e5",3,260000,2.43e-05,0.0567985,0.1669015,1e-07
500,9999,1,1,TRUE,16,128,6,"evaluation",0.17,0.1682908,"ok","","",NA,NA,"1e4bfe857b7f2f35",NA,16000,NA,NA,0.1682908,NA
500,9999,1,1,TRUE,16,128,6,"generation",0.0599999999999987,0.0562612,"ok","","",4989002,4989002,"b7395b4cf59f46e5",3,2000,NA,NA,NA,NA
500,9999,1,1,TRUE,16,128,7,"generation",0.0500000000000007,0.0562473,"ok","","",4989002,4989002,"e2d3b898ad07b081",3,2000,NA,NA,NA,NA
500,9999,1,1,TRUE,16,128,7,"evaluation",0.15,0.1654158,"ok","","",NA,NA,"1e4bfe857b7f2f35",NA,16000,NA,NA,0.1654158,NA
500,9999,1,1,TRUE,16,128,7,"full",0.24,0.2242043,"ok","","",4989002,4989002,"e2d3b898ad07b081",3,260000,2.01e-05,0.0570438,0.1671173,2e-07
500,9999,1,1,TRUE,16,128,8,"full",0.210000000000001,0.2267788,"ok","","",4989002,4989002,"e9a2df88aaeef26e",3,260000,2.2e-05,0.0575104,0.1692293,2e-07
500,9999,1,1,TRUE,16,128,8,"evaluation",0.18,0.1653091,"ok","","",NA,NA,"1e4bfe857b7f2f35",NA,16000,NA,NA,0.1653091,NA
500,9999,1,1,TRUE,16,128,8,"generation",0.0599999999999987,0.0566253,"ok","","",4989002,4989002,"e9a2df88aaeef26e",3,2000,NA,NA,NA,NA
500,9999,1,1,TRUE,16,128,9,"generation",0.0500000000000007,0.0571092,"ok","","",4989002,4989002,"e72ee708a30b21d8",3,2000,NA,NA,NA,NA
500,9999,1,1,TRUE,16,128,9,"evaluation",0.17,0.1650658,"ok","","",NA,NA,"1e4bfe857b7f2f35",NA,16000,NA,NA,0.1650658,NA
500,9999,1,1,TRUE,16,128,9,"full",0.220000000000001,0.22289,"ok","","",4989002,4989002,"e72ee708a30b21d8",3,260000,2.12e-05,0.0567259,0.1661031,2e-07
500,9999,1,1,TRUE,16,128,10,"full",0.219999999999999,0.2237066,"ok","","",4989002,4989002,"159f2a773c995289",3,260000,2.26e-05,0.0568807,0.166787,4e-07
500,9999,1,1,TRUE,16,128,10,"evaluation",0.17,0.1669373,"ok","","",NA,NA,"1e4bfe857b7f2f35",NA,16000,NA,NA,0.1669373,NA
500,9999,1,1,TRUE,16,128,10,"generation",0.0500000000000007,0.057278,"ok","","",4989002,4989002,"159f2a773c995289",3,2000,NA,NA,NA,NA
500,9999,2,2,TRUE,16,128,1,"generation",0.0600000000000005,0.0581295,"ok","","",4989002,4989002,"0488e433f1fc6183",3,2000,NA,NA,NA,NA
500,9999,2,2,TRUE,16,128,1,"evaluation",0.0799999999999983,0.0847724,"ok","","",NA,NA,"786ebc13322fb7e3",NA,16000,NA,NA,0.0847724,NA
500,9999,2,2,TRUE,16,128,1,"full",0.170000000000002,0.1673405,"ok","","",4989002,4989002,"0488e433f1fc6183",3,262000,2.06e-05,0.0641397,0.1031492,2e-07
500,9999,2,2,TRUE,16,128,2,"full",0.159999999999998,0.157139,"ok","","",4989002,4989002,"00558afd9e3dd5fd",3,262000,2.37e-05,0.0604775,0.0966197,3e-07
500,9999,2,2,TRUE,16,128,2,"evaluation",0.0900000000000016,0.0861192,"ok","","",NA,NA,"786ebc13322fb7e3",NA,16000,NA,NA,0.0861192,NA
500,9999,2,2,TRUE,16,128,2,"generation",0.0699999999999985,0.0578133,"ok","","",4989002,4989002,"00558afd9e3dd5fd",3,2000,NA,NA,NA,NA
500,9999,2,2,TRUE,16,128,3,"generation",0.0600000000000005,0.0581299,"ok","","",4989002,4989002,"b239cba95bb17524",3,2000,NA,NA,NA,NA
500,9999,2,2,TRUE,16,128,3,"evaluation",0.0800000000000001,0.0871416,"ok","","",NA,NA,"786ebc13322fb7e3",NA,16000,NA,NA,0.0871416,NA
500,9999,2,2,TRUE,16,128,3,"full",0.16,0.1659014,"ok","","",4989002,4989002,"b239cba95bb17524",3,262000,2.15e-05,0.0623681,0.1034473,1.1e-06
500,9999,2,2,TRUE,16,128,4,"full",0.16,0.1557324,"ok","","",4989002,4989002,"8611e589460c8a39",3,262000,3.1e-05,0.0601443,0.0955344,1e-07
500,9999,2,2,TRUE,16,128,4,"evaluation",0.0899999999999999,0.0866432,"ok","","",NA,NA,"786ebc13322fb7e3",NA,16000,NA,NA,0.0866432,NA
500,9999,2,2,TRUE,16,128,4,"generation",0.0600000000000005,0.0578474,"ok","","",4989002,4989002,"8611e589460c8a39",3,2000,NA,NA,NA,NA
500,9999,2,2,TRUE,16,128,5,"generation",0.0499999999999989,0.0566851,"ok","","",4989002,4989002,"178b01845b8682cf",3,2000,NA,NA,NA,NA
500,9999,2,2,TRUE,16,128,5,"evaluation",0.0899999999999999,0.0864709,"ok","","",NA,NA,"786ebc13322fb7e3",NA,16000,NA,NA,0.0864709,NA
500,9999,2,2,TRUE,16,128,5,"full",0.16,0.1602201,"ok","","",4989002,4989002,"178b01845b8682cf",3,262000,2.22e-05,0.062123,0.0980499,6e-07
500,9999,2,2,TRUE,16,128,6,"full",0.16,0.1503283,"ok","","",4989002,4989002,"b7395b4cf59f46e5",3,262000,2.21e-05,0.0582273,0.0920587,2e-07
500,9999,2,2,TRUE,16,128,6,"evaluation",0.0899999999999999,0.0862166,"ok","","",NA,NA,"786ebc13322fb7e3",NA,16000,NA,NA,0.0862166,NA
500,9999,2,2,TRUE,16,128,6,"generation",0.0600000000000023,0.0577828,"ok","","",4989002,4989002,"b7395b4cf59f46e5",3,2000,NA,NA,NA,NA
500,9999,2,2,TRUE,16,128,7,"generation",0.0499999999999972,0.0563229,"ok","","",4989002,4989002,"e2d3b898ad07b081",3,2000,NA,NA,NA,NA
500,9999,2,2,TRUE,16,128,7,"evaluation",0.0899999999999999,0.0850973,"ok","","",NA,NA,"786ebc13322fb7e3",NA,16000,NA,NA,0.0850973,NA
500,9999,2,2,TRUE,16,128,7,"full",0.16,0.1604232,"ok","","",4989002,4989002,"e2d3b898ad07b081",3,262000,2.09e-05,0.061255,0.0991217,1e-07
500,9999,2,2,TRUE,16,128,8,"full",0.150000000000002,0.1538398,"ok","","",4989002,4989002,"e9a2df88aaeef26e",3,262000,2.26e-05,0.0599181,0.093886,1e-07
500,9999,2,2,TRUE,16,128,8,"evaluation",0.0999999999999979,0.0863662,"ok","","",NA,NA,"786ebc13322fb7e3",NA,16000,NA,NA,0.0863662,NA
500,9999,2,2,TRUE,16,128,8,"generation",0.0600000000000023,0.0576776,"ok","","",4989002,4989002,"e9a2df88aaeef26e",3,2000,NA,NA,NA,NA
500,9999,2,2,TRUE,16,128,9,"generation",0.0500000000000007,0.0562516,"ok","","",4989002,4989002,"e72ee708a30b21d8",3,2000,NA,NA,NA,NA
500,9999,2,2,TRUE,16,128,9,"evaluation",0.0899999999999999,0.0859742,"ok","","",NA,NA,"786ebc13322fb7e3",NA,16000,NA,NA,0.0859742,NA
500,9999,2,2,TRUE,16,128,9,"full",0.169999999999998,0.1641144,"ok","","",4989002,4989002,"e72ee708a30b21d8",3,262000,2.41e-05,0.0617424,0.1023209,2e-07
500,9999,2,2,TRUE,16,128,10,"full",0.16,0.1561883,"ok","","",4989002,4989002,"159f2a773c995289",3,262000,2.54e-05,0.0600576,0.0960907,4e-07
500,9999,2,2,TRUE,16,128,10,"evaluation",0.0899999999999999,0.0870033,"ok","","",NA,NA,"786ebc13322fb7e3",NA,16000,NA,NA,0.0870033,NA
500,9999,2,2,TRUE,16,128,10,"generation",0.0500000000000007,0.0576859,"ok","","",4989002,4989002,"159f2a773c995289",3,2000,NA,NA,NA,NA
2000,999,1,1,TRUE,16,128,1,"generation",0.0199999999999996,0.0226481,"ok","","",1995002,1995002,"a544105b7bc25c43",3,8000,NA,NA,NA,NA
2000,999,1,1,TRUE,16,128,1,"evaluation",0.0600000000000023,0.0660899,"ok","","",NA,NA,"8716e3c24ead290a",NA,64000,NA,NA,0.0660899,NA
2000,999,1,1,TRUE,16,128,1,"full",0.0799999999999983,0.0906509,"ok","","",1995002,1995002,"a544105b7bc25c43",3,1040000,9.21e-05,0.0225749,0.0679007,2e-07
2000,999,1,1,TRUE,16,128,2,"full",0.0899999999999999,0.0900129,"ok","","",1995002,1995002,"05da965d983ef62f",3,1040000,9.87e-05,0.0225372,0.0673223,2e-07
2000,999,1,1,TRUE,16,128,2,"evaluation",0.0800000000000018,0.0658131,"ok","","",NA,NA,"8716e3c24ead290a",NA,64000,NA,NA,0.0658131,NA
2000,999,1,1,TRUE,16,128,2,"generation",0.00999999999999801,0.0222111,"ok","","",1995002,1995002,"05da965d983ef62f",3,8000,NA,NA,NA,NA
2000,999,1,1,TRUE,16,128,3,"generation",0.0300000000000011,0.0221645,"ok","","",1995002,1995002,"fdd2df1082700283",3,8000,NA,NA,NA,NA
2000,999,1,1,TRUE,16,128,3,"evaluation",0.0700000000000003,0.0665301,"ok","","",NA,NA,"8716e3c24ead290a",NA,64000,NA,NA,0.0665301,NA
2000,999,1,1,TRUE,16,128,3,"full",0.0899999999999999,0.0899583,"ok","","",1995002,1995002,"fdd2df1082700283",3,1040000,9.98e-05,0.0228086,0.0668937,2e-07
2000,999,1,1,TRUE,16,128,4,"full",0.0899999999999999,0.0898164,"ok","","",1995002,1995002,"6fd04ca426a47551",3,1040000,9.3e-05,0.0225917,0.0670856,4e-07
2000,999,1,1,TRUE,16,128,4,"evaluation",0.0700000000000003,0.0658659,"ok","","",NA,NA,"8716e3c24ead290a",NA,64000,NA,NA,0.0658659,NA
2000,999,1,1,TRUE,16,128,4,"generation",0.0300000000000011,0.022312,"ok","","",1995002,1995002,"6fd04ca426a47551",3,8000,NA,NA,NA,NA
2000,999,1,1,TRUE,16,128,5,"generation",0.00999999999999801,0.0223143,"ok","","",1995002,1995002,"78d3220a01bdf368",3,8000,NA,NA,NA,NA
2000,999,1,1,TRUE,16,128,5,"evaluation",0.0800000000000018,0.0664807,"ok","","",NA,NA,"8716e3c24ead290a",NA,64000,NA,NA,0.0664807,NA
2000,999,1,1,TRUE,16,128,5,"full",0.0799999999999983,0.0893116,"ok","","",1995002,1995002,"78d3220a01bdf368",3,1040000,8.96e-05,0.0225972,0.0665695,2e-07
2000,999,1,1,TRUE,16,128,6,"full",0.0700000000000003,0.0894186,"ok","","",1995002,1995002,"1073d2ff2182aad9",3,1040000,0.0001066,0.0229879,0.0662746,3e-07
2000,999,1,1,TRUE,16,128,6,"evaluation",0.0800000000000018,0.066385,"ok","","",NA,NA,"8716e3c24ead290a",NA,64000,NA,NA,0.066385,NA
2000,999,1,1,TRUE,16,128,6,"generation",0.0199999999999996,0.0226268,"ok","","",1995002,1995002,"1073d2ff2182aad9",3,8000,NA,NA,NA,NA
2000,999,1,1,TRUE,16,128,7,"generation",0.0299999999999976,0.0227729,"ok","","",1995002,1995002,"a742f7662b3c70d6",3,8000,NA,NA,NA,NA
2000,999,1,1,TRUE,16,128,7,"evaluation",0.0600000000000023,0.0663503,"ok","","",NA,NA,"8716e3c24ead290a",NA,64000,NA,NA,0.0663503,NA
2000,999,1,1,TRUE,16,128,7,"full",0.0899999999999999,0.0898596,"ok","","",1995002,1995002,"a742f7662b3c70d6",3,1040000,9.45e-05,0.0227624,0.0669442,1e-07
2000,999,1,1,TRUE,16,128,8,"full",0.0999999999999979,0.0898955,"ok","","",1995002,1995002,"9d5e805bf245cec5",3,1040000,9.65e-05,0.0228542,0.0668991,3e-07
2000,999,1,1,TRUE,16,128,8,"evaluation",0.0600000000000023,0.0662759,"ok","","",NA,NA,"8716e3c24ead290a",NA,64000,NA,NA,0.0662759,NA
2000,999,1,1,TRUE,16,128,8,"generation",0.0299999999999976,0.023271,"ok","","",1995002,1995002,"9d5e805bf245cec5",3,8000,NA,NA,NA,NA
2000,999,1,1,TRUE,16,128,9,"generation",0.0200000000000031,0.0228564,"ok","","",1995002,1995002,"c541cc267582bb6e",3,8000,NA,NA,NA,NA
2000,999,1,1,TRUE,16,128,9,"evaluation",0.0700000000000003,0.0661152,"ok","","",NA,NA,"8716e3c24ead290a",NA,64000,NA,NA,0.0661152,NA
2000,999,1,1,TRUE,16,128,9,"full",0.0899999999999999,0.0905283,"ok","","",1995002,1995002,"c541cc267582bb6e",3,1040000,0.0001099,0.0226836,0.0674961,3e-07
2000,999,1,1,TRUE,16,128,10,"full",0.0800000000000018,0.0884665,"ok","","",1995002,1995002,"e80d4cd27132b32f",3,1040000,1e-04,0.0226968,0.0656272,2e-07
2000,999,1,1,TRUE,16,128,10,"evaluation",0.0700000000000003,0.0656412,"ok","","",NA,NA,"8716e3c24ead290a",NA,64000,NA,NA,0.0656412,NA
2000,999,1,1,TRUE,16,128,10,"generation",0.0100000000000016,0.0224393,"ok","","",1995002,1995002,"e80d4cd27132b32f",3,8000,NA,NA,NA,NA
2000,999,2,2,TRUE,16,128,1,"generation",0.0200000000000031,0.0233823,"ok","","",1995002,1995002,"a544105b7bc25c43",3,8000,NA,NA,NA,NA
2000,999,2,2,TRUE,16,128,1,"evaluation",0.0399999999999991,0.0349445,"ok","","",NA,NA,"28d8eb205b09f856",NA,64000,NA,NA,0.0349445,NA
2000,999,2,2,TRUE,16,128,1,"full",0.0700000000000003,0.0646312,"ok","","",1995002,1995002,"a544105b7bc25c43",3,1048000,0.0001172,0.0253828,0.039065,3e-07
2000,999,2,2,TRUE,16,128,2,"full",0.0599999999999987,0.0639967,"ok","","",1995002,1995002,"05da965d983ef62f",3,1048000,0.0001142,0.0257934,0.0380691,2e-07
2000,999,2,2,TRUE,16,128,2,"evaluation",0.0300000000000011,0.035836,"ok","","",NA,NA,"28d8eb205b09f856",NA,64000,NA,NA,0.035836,NA
2000,999,2,2,TRUE,16,128,2,"generation",0.0299999999999976,0.0233739,"ok","","",1995002,1995002,"05da965d983ef62f",3,8000,NA,NA,NA,NA
2000,999,2,2,TRUE,16,128,3,"generation",0.0300000000000011,0.0225516,"ok","","",1995002,1995002,"fdd2df1082700283",3,8000,NA,NA,NA,NA
2000,999,2,2,TRUE,16,128,3,"evaluation",0.0300000000000011,0.034977,"ok","","",NA,NA,"28d8eb205b09f856",NA,64000,NA,NA,0.034977,NA
2000,999,2,2,TRUE,16,128,3,"full",0.0700000000000003,0.0675112,"ok","","",1995002,1995002,"fdd2df1082700283",3,1048000,0.0001735,0.026836,0.0404392,5e-07
2000,999,2,2,TRUE,16,128,4,"full",0.0700000000000003,0.061763,"ok","","",1995002,1995002,"6fd04ca426a47551",3,1048000,0.0001047,0.0240708,0.037544,3e-07
2000,999,2,2,TRUE,16,128,4,"evaluation",0.0300000000000011,0.0345734,"ok","","",NA,NA,"28d8eb205b09f856",NA,64000,NA,NA,0.0345734,NA
2000,999,2,2,TRUE,16,128,4,"generation",0.00999999999999801,0.0232499,"ok","","",1995002,1995002,"6fd04ca426a47551",3,8000,NA,NA,NA,NA
2000,999,2,2,TRUE,16,128,5,"generation",0.00999999999999801,0.0241167,"ok","","",1995002,1995002,"78d3220a01bdf368",3,8000,NA,NA,NA,NA
2000,999,2,2,TRUE,16,128,5,"evaluation",0.0300000000000011,0.034975,"ok","","",NA,NA,"28d8eb205b09f856",NA,64000,NA,NA,0.034975,NA
2000,999,2,2,TRUE,16,128,5,"full",0.0599999999999987,0.0643413,"ok","","",1995002,1995002,"78d3220a01bdf368",3,1048000,9.63e-05,0.0253108,0.0387716,2e-07
2000,999,2,2,TRUE,16,128,6,"full",0.0700000000000003,0.0621,"ok","","",1995002,1995002,"1073d2ff2182aad9",3,1048000,0.000127,0.0249657,0.0369823,1e-07
2000,999,2,2,TRUE,16,128,6,"evaluation",0.0300000000000011,0.0346017,"ok","","",NA,NA,"28d8eb205b09f856",NA,64000,NA,NA,0.0346017,NA
2000,999,2,2,TRUE,16,128,6,"generation",0.0300000000000011,0.0228214,"ok","","",1995002,1995002,"1073d2ff2182aad9",3,8000,NA,NA,NA,NA
2000,999,2,2,TRUE,16,128,7,"generation",0.00999999999999801,0.0225299,"ok","","",1995002,1995002,"a742f7662b3c70d6",3,8000,NA,NA,NA,NA
2000,999,2,2,TRUE,16,128,7,"evaluation",0.0500000000000007,0.034339,"ok","","",NA,NA,"28d8eb205b09f856",NA,64000,NA,NA,0.034339,NA
2000,999,2,2,TRUE,16,128,7,"full",0.0599999999999987,0.0619526,"ok","","",1995002,1995002,"a742f7662b3c70d6",3,1048000,0.0001156,0.0245333,0.0372465,2e-07
2000,999,2,2,TRUE,16,128,8,"full",0.0700000000000003,0.0641228,"ok","","",1995002,1995002,"9d5e805bf245cec5",3,1048000,0.0001251,0.0259038,0.0380664,8e-07
2000,999,2,2,TRUE,16,128,8,"evaluation",0.0300000000000011,0.0356537,"ok","","",NA,NA,"28d8eb205b09f856",NA,64000,NA,NA,0.0356537,NA
2000,999,2,2,TRUE,16,128,8,"generation",0.0300000000000011,0.0233703,"ok","","",1995002,1995002,"9d5e805bf245cec5",3,8000,NA,NA,NA,NA
2000,999,2,2,TRUE,16,128,9,"generation",0.0299999999999976,0.0230098,"ok","","",1995002,1995002,"c541cc267582bb6e",3,8000,NA,NA,NA,NA
2000,999,2,2,TRUE,16,128,9,"evaluation",0.0300000000000011,0.0359474,"ok","","",NA,NA,"28d8eb205b09f856",NA,64000,NA,NA,0.0359474,NA
2000,999,2,2,TRUE,16,128,9,"full",0.0599999999999987,0.0635285,"ok","","",1995002,1995002,"c541cc267582bb6e",3,1048000,9.89e-05,0.0249219,0.0383436,2e-07
2000,999,2,2,TRUE,16,128,10,"full",0.0700000000000003,0.0647452,"ok","","",1995002,1995002,"e80d4cd27132b32f",3,1048000,0.0001082,0.0262667,0.0382743,4e-07
2000,999,2,2,TRUE,16,128,10,"evaluation",0.0299999999999976,0.0344054,"ok","","",NA,NA,"28d8eb205b09f856",NA,64000,NA,NA,0.0344054,NA
2000,999,2,2,TRUE,16,128,10,"generation",0.0200000000000031,0.0231413,"ok","","",1995002,1995002,"e80d4cd27132b32f",3,8000,NA,NA,NA,NA
2000,9999,1,1,TRUE,16,128,1,"generation",0.219999999999999,0.2284374,"ok","","",19986002,19986002,"c60db596e1c31d53",3,8000,NA,NA,NA,NA
2000,9999,1,1,TRUE,16,128,1,"evaluation",0.670000000000002,0.665707,"ok","","",NA,NA,"4e115df5fb78c0b1",NA,64000,NA,NA,0.665707,NA
2000,9999,1,1,TRUE,16,128,1,"full",0.91,0.9010056,"ok","","",19986002,19986002,"c60db596e1c31d53",3,1040000,9.53e-05,0.2291219,0.6716047,3e-07
2000,9999,1,1,TRUE,16,128,2,"full",0.93,0.9355208,"ok","","",19986002,19986002,"4bf91bb639ca5305",3,1040000,0.0001381,0.2354122,0.6999055,4e-07
2000,9999,1,1,TRUE,16,128,2,"evaluation",0.66,0.6648717,"ok","","",NA,NA,"4e115df5fb78c0b1",NA,64000,NA,NA,0.6648717,NA
2000,9999,1,1,TRUE,16,128,2,"generation",0.239999999999998,0.2290656,"ok","","",19986002,19986002,"4bf91bb639ca5305",3,8000,NA,NA,NA,NA
2000,9999,1,1,TRUE,16,128,3,"generation",0.23,0.2305226,"ok","","",19986002,19986002,"db2b1f6f0c5c14f6",3,8000,NA,NA,NA,NA
2000,9999,1,1,TRUE,16,128,3,"evaluation",0.670000000000002,0.6663936,"ok","","",NA,NA,"4e115df5fb78c0b1",NA,64000,NA,NA,0.6663936,NA
2000,9999,1,1,TRUE,16,128,3,"full",0.889999999999997,0.8971982,"ok","","",19986002,19986002,"db2b1f6f0c5c14f6",3,1040000,9.03e-05,0.2290611,0.6678824,2e-07
2000,9999,1,1,TRUE,16,128,4,"full",0.91,0.9036384,"ok","","",19986002,19986002,"da9fa32c45db4053",3,1040000,0.0001024,0.2285315,0.6749434,2e-07
2000,9999,1,1,TRUE,16,128,4,"evaluation",0.670000000000002,0.6682547,"ok","","",NA,NA,"4e115df5fb78c0b1",NA,64000,NA,NA,0.6682547,NA
2000,9999,1,1,TRUE,16,128,4,"generation",0.23,0.2284825,"ok","","",19986002,19986002,"da9fa32c45db4053",3,8000,NA,NA,NA,NA
2000,9999,1,1,TRUE,16,128,5,"generation",0.239999999999998,0.2287517,"ok","","",19986002,19986002,"efa074d50c1f4f4d",3,8000,NA,NA,NA,NA
2000,9999,1,1,TRUE,16,128,5,"evaluation",0.670000000000002,0.6675722,"ok","","",NA,NA,"4e115df5fb78c0b1",NA,64000,NA,NA,0.6675722,NA
2000,9999,1,1,TRUE,16,128,5,"full",0.91,0.9095671,"ok","","",19986002,19986002,"efa074d50c1f4f4d",3,1040000,0.0001063,0.2300551,0.6792153,3e-07
2000,9999,1,1,TRUE,16,128,6,"full",0.899999999999999,0.9006739,"ok","","",19986002,19986002,"71b8b5c2222255b8",3,1040000,0.0001184,0.2289975,0.6714941,3e-07
2000,9999,1,1,TRUE,16,128,6,"evaluation",0.660000000000004,0.6639026,"ok","","",NA,NA,"4e115df5fb78c0b1",NA,64000,NA,NA,0.6639026,NA
2000,9999,1,1,TRUE,16,128,6,"generation",0.229999999999997,0.2262793,"ok","","",19986002,19986002,"71b8b5c2222255b8",3,8000,NA,NA,NA,NA
2000,9999,1,1,TRUE,16,128,7,"generation",0.219999999999999,0.2271193,"ok","","",19986002,19986002,"00474d69dc00c4b1",3,8000,NA,NA,NA,NA
2000,9999,1,1,TRUE,16,128,7,"evaluation",0.649999999999999,0.663194,"ok","","",NA,NA,"4e115df5fb78c0b1",NA,64000,NA,NA,0.663194,NA
2000,9999,1,1,TRUE,16,128,7,"full",0.909999999999997,0.8996045,"ok","","",19986002,19986002,"00474d69dc00c4b1",3,1040000,9.39e-05,0.2291536,0.670176,5e-07
2000,9999,1,1,TRUE,16,128,8,"full",0.910000000000004,0.910388,"ok","","",19986002,19986002,"efc3728a73ba7018",3,1040000,0.0001159,0.2312413,0.6789553,5e-07
2000,9999,1,1,TRUE,16,128,8,"evaluation",0.670000000000002,0.6696477,"ok","","",NA,NA,"4e115df5fb78c0b1",NA,64000,NA,NA,0.6696477,NA
2000,9999,1,1,TRUE,16,128,8,"generation",0.229999999999997,0.2242571,"ok","","",19986002,19986002,"efc3728a73ba7018",3,8000,NA,NA,NA,NA
2000,9999,1,1,TRUE,16,128,9,"generation",0.219999999999999,0.2250777,"ok","","",19986002,19986002,"9f098637e9c3d2b2",3,8000,NA,NA,NA,NA
2000,9999,1,1,TRUE,16,128,9,"evaluation",0.670000000000002,0.6619836,"ok","","",NA,NA,"4e115df5fb78c0b1",NA,64000,NA,NA,0.6619836,NA
2000,9999,1,1,TRUE,16,128,9,"full",0.890000000000001,0.8995091,"ok","","",19986002,19986002,"9f098637e9c3d2b2",3,1040000,9.85e-05,0.2286802,0.6705678,5e-07
2000,9999,1,1,TRUE,16,128,10,"full",0.909999999999997,0.9014492,"ok","","",19986002,19986002,"617def70049486db",3,1040000,0.0001113,0.2299464,0.6713408,2e-07
2000,9999,1,1,TRUE,16,128,10,"evaluation",0.670000000000002,0.6633829,"ok","","",NA,NA,"4e115df5fb78c0b1",NA,64000,NA,NA,0.6633829,NA
2000,9999,1,1,TRUE,16,128,10,"generation",0.240000000000002,0.2269883,"ok","","",19986002,19986002,"617def70049486db",3,8000,NA,NA,NA,NA
2000,9999,2,2,TRUE,16,128,1,"generation",0.219999999999999,0.2303583,"ok","","",19986002,19986002,"c60db596e1c31d53",3,8000,NA,NA,NA,NA
2000,9999,2,2,TRUE,16,128,1,"evaluation",0.340000000000003,0.341784,"ok","","",NA,NA,"73d1026d9a34cce5",NA,64000,NA,NA,0.341784,NA
2000,9999,2,2,TRUE,16,128,1,"full",0.640000000000001,0.6354933,"ok","","",19986002,19986002,"c60db596e1c31d53",3,1048000,9.53e-05,0.2552743,0.3799484,3e-07
2000,9999,2,2,TRUE,16,128,2,"full",0.659999999999997,0.6469806,"ok","","",19986002,19986002,"4bf91bb639ca5305",3,1048000,0.0001221,0.2566464,0.3901597,2e-07
2000,9999,2,2,TRUE,16,128,2,"evaluation",0.330000000000005,0.3389366,"ok","","",NA,NA,"73d1026d9a34cce5",NA,64000,NA,NA,0.3389366,NA
2000,9999,2,2,TRUE,16,128,2,"generation",0.229999999999997,0.2288562,"ok","","",19986002,19986002,"4bf91bb639ca5305",3,8000,NA,NA,NA,NA
2000,9999,2,2,TRUE,16,128,3,"generation",0.240000000000002,0.2270772,"ok","","",19986002,19986002,"db2b1f6f0c5c14f6",3,8000,NA,NA,NA,NA
2000,9999,2,2,TRUE,16,128,3,"evaluation",0.339999999999996,0.3416361,"ok","","",NA,NA,"73d1026d9a34cce5",NA,64000,NA,NA,0.3416361,NA
2000,9999,2,2,TRUE,16,128,3,"full",0.630000000000003,0.6302598,"ok","","",19986002,19986002,"db2b1f6f0c5c14f6",3,1048000,9.51e-05,0.2513645,0.3786283,2e-07
2000,9999,2,2,TRUE,16,128,4,"full",0.640000000000001,0.6318227,"ok","","",19986002,19986002,"da9fa32c45db4053",3,1048000,0.0001944,0.2532761,0.3782941,1e-07
2000,9999,2,2,TRUE,16,128,4,"evaluation",0.339999999999996,0.3397852,"ok","","",NA,NA,"73d1026d9a34cce5",NA,64000,NA,NA,0.3397852,NA
2000,9999,2,2,TRUE,16,128,4,"generation",0.220000000000006,0.2244859,"ok","","",19986002,19986002,"da9fa32c45db4053",3,8000,NA,NA,NA,NA
2000,9999,2,2,TRUE,16,128,5,"generation",0.229999999999997,0.2320656,"ok","","",19986002,19986002,"efa074d50c1f4f4d",3,8000,NA,NA,NA,NA
2000,9999,2,2,TRUE,16,128,5,"evaluation",0.350000000000001,0.3411406,"ok","","",NA,NA,"73d1026d9a34cce5",NA,64000,NA,NA,0.3411406,NA
2000,9999,2,2,TRUE,16,128,5,"full",0.640000000000001,0.6371385,"ok","","",19986002,19986002,"efa074d50c1f4f4d",3,1048000,9.47e-05,0.2564211,0.3804477,3e-07
2000,9999,2,2,TRUE,16,128,6,"full",0.649999999999999,0.6621916,"ok","","",19986002,19986002,"71b8b5c2222255b8",3,1048000,0.0001363,0.2833639,0.3786273,1e-07
2000,9999,2,2,TRUE,16,128,6,"evaluation",0.330000000000005,0.3404782,"ok","","",NA,NA,"73d1026d9a34cce5",NA,64000,NA,NA,0.3404782,NA
2000,9999,2,2,TRUE,16,128,6,"generation",0.229999999999997,0.2340158,"ok","","",19986002,19986002,"71b8b5c2222255b8",3,8000,NA,NA,NA,NA
2000,9999,2,2,TRUE,16,128,7,"generation",0.219999999999999,0.2260379,"ok","","",19986002,19986002,"00474d69dc00c4b1",3,8000,NA,NA,NA,NA
2000,9999,2,2,TRUE,16,128,7,"evaluation",0.339999999999996,0.340469,"ok","","",NA,NA,"73d1026d9a34cce5",NA,64000,NA,NA,0.340469,NA
2000,9999,2,2,TRUE,16,128,7,"full",0.630000000000003,0.6187248,"ok","","",19986002,19986002,"00474d69dc00c4b1",3,1048000,0.0001038,0.2496531,0.3688018,1e-07
2000,9999,2,2,TRUE,16,128,8,"full",0.640000000000001,0.6447596,"ok","","",19986002,19986002,"efc3728a73ba7018",3,1048000,0.0001256,0.263962,0.3805695,2e-07
2000,9999,2,2,TRUE,16,128,8,"evaluation",0.339999999999996,0.3424648,"ok","","",NA,NA,"73d1026d9a34cce5",NA,64000,NA,NA,0.3424648,NA
2000,9999,2,2,TRUE,16,128,8,"generation",0.230000000000004,0.2276927,"ok","","",19986002,19986002,"efc3728a73ba7018",3,8000,NA,NA,NA,NA
2000,9999,2,2,TRUE,16,128,9,"generation",0.240000000000002,0.2334092,"ok","","",19986002,19986002,"9f098637e9c3d2b2",3,8000,NA,NA,NA,NA
2000,9999,2,2,TRUE,16,128,9,"evaluation",0.359999999999999,0.3568699,"ok","","",NA,NA,"73d1026d9a34cce5",NA,64000,NA,NA,0.3568699,NA
2000,9999,2,2,TRUE,16,128,9,"full",0.640000000000001,0.6437311,"ok","","",19986002,19986002,"9f098637e9c3d2b2",3,1048000,0.0001214,0.2531364,0.3902735,1e-07
2000,9999,2,2,TRUE,16,128,10,"full",0.640000000000001,0.6339086,"ok","","",19986002,19986002,"617def70049486db",3,1048000,0.0001139,0.2521949,0.3815536,2e-07
2000,9999,2,2,TRUE,16,128,10,"evaluation",0.339999999999996,0.3393472,"ok","","",NA,NA,"73d1026d9a34cce5",NA,64000,NA,NA,0.3393472,NA
2000,9999,2,2,TRUE,16,128,10,"generation",0.240000000000002,0.2304221,"ok","","",19986002,19986002,"617def70049486db",3,8000,NA,NA,NA,NA
5000,999,1,1,TRUE,16,128,1,"generation",0.0399999999999991,0.056316,"ok","","",4989002,4989002,"cdd5fb8c240970cc",3,20000,NA,NA,NA,NA
5000,999,1,1,TRUE,16,128,1,"evaluation",0.219999999999999,0.2135813,"ok","","",NA,NA,"1ac086a6387b6904",NA,160000,NA,NA,0.2135813,NA
5000,999,1,1,TRUE,16,128,1,"full",0.280000000000001,0.2776795,"ok","","",4989002,4989002,"cdd5fb8c240970cc",3,2600000,0.0002668,0.0578846,0.2193248,2e-07
5000,999,1,1,TRUE,16,128,2,"full",0.280000000000001,0.2745853,"ok","","",4989002,4989002,"86286a068ace2912",3,2600000,0.0002968,0.0579465,0.2161704,3e-07
5000,999,1,1,TRUE,16,128,2,"evaluation",0.210000000000001,0.2132663,"ok","","",NA,NA,"1ac086a6387b6904",NA,160000,NA,NA,0.2132663,NA
5000,999,1,1,TRUE,16,128,2,"generation",0.0600000000000023,0.0569247,"ok","","",4989002,4989002,"86286a068ace2912",3,20000,NA,NA,NA,NA
5000,999,1,1,TRUE,16,128,3,"generation",0.0599999999999952,0.0568807,"ok","","",4989002,4989002,"b817f619a2593bfe",3,20000,NA,NA,NA,NA
5000,999,1,1,TRUE,16,128,3,"evaluation",0.219999999999999,0.2124258,"ok","","",NA,NA,"1ac086a6387b6904",NA,160000,NA,NA,0.2124258,NA
5000,999,1,1,TRUE,16,128,3,"full",0.270000000000003,0.2748401,"ok","","",4989002,4989002,"b817f619a2593bfe",3,2600000,0.0002513,0.0579017,0.2165294,2e-07
5000,999,1,1,TRUE,16,128,4,"full",0.280000000000001,0.269676,"ok","","",4989002,4989002,"b141628d77128e23",3,2600000,0.0002568,0.0572139,0.2120506,3e-07
5000,999,1,1,TRUE,16,128,4,"evaluation",0.199999999999996,0.2106724,"ok","","",NA,NA,"1ac086a6387b6904",NA,160000,NA,NA,0.2106724,NA
5000,999,1,1,TRUE,16,128,4,"generation",0.0800000000000054,0.0660486,"ok","","",4989002,4989002,"b141628d77128e23",3,20000,NA,NA,NA,NA
5000,999,1,1,TRUE,16,128,5,"generation",0.0499999999999972,0.0558851,"ok","","",4989002,4989002,"946d570e11fe15e6",3,20000,NA,NA,NA,NA
5000,999,1,1,TRUE,16,128,5,"evaluation",0.200000000000003,0.2099601,"ok","","",NA,NA,"1ac086a6387b6904",NA,160000,NA,NA,0.2099601,NA
5000,999,1,1,TRUE,16,128,5,"full",0.289999999999999,0.274567,"ok","","",4989002,4989002,"946d570e11fe15e6",3,2600000,0.0002596,0.0574461,0.2166469,2e-07
5000,999,1,1,TRUE,16,128,6,"full",0.259999999999998,0.2734176,"ok","","",4989002,4989002,"6441004e0ee0abc0",3,2600000,0.0002773,0.0576978,0.2152338,4e-07
5000,999,1,1,TRUE,16,128,6,"evaluation",0.219999999999999,0.2132588,"ok","","",NA,NA,"1ac086a6387b6904",NA,160000,NA,NA,0.2132588,NA
5000,999,1,1,TRUE,16,128,6,"generation",0.0600000000000023,0.0564139,"ok","","",4989002,4989002,"6441004e0ee0abc0",3,20000,NA,NA,NA,NA
5000,999,1,1,TRUE,16,128,7,"generation",0.0700000000000003,0.0560708,"ok","","",4989002,4989002,"a8def96f63d4754f",3,20000,NA,NA,NA,NA
5000,999,1,1,TRUE,16,128,7,"evaluation",0.200000000000003,0.2119804,"ok","","",NA,NA,"1ac086a6387b6904",NA,160000,NA,NA,0.2119804,NA
5000,999,1,1,TRUE,16,128,7,"full",0.280000000000001,0.273195,"ok","","",4989002,4989002,"a8def96f63d4754f",3,2600000,0.0002585,0.057333,0.2153643,2e-07
5000,999,1,1,TRUE,16,128,8,"full",0.269999999999996,0.2710824,"ok","","",4989002,4989002,"ad0a110df4f1802a",3,2600000,0.0002778,0.0583133,0.2123033,3e-07
5000,999,1,1,TRUE,16,128,8,"evaluation",0.200000000000003,0.211161,"ok","","",NA,NA,"1ac086a6387b6904",NA,160000,NA,NA,0.211161,NA
5000,999,1,1,TRUE,16,128,8,"generation",0.0799999999999983,0.0699643,"ok","","",4989002,4989002,"ad0a110df4f1802a",3,20000,NA,NA,NA,NA
5000,999,1,1,TRUE,16,128,9,"generation",0.0500000000000043,0.0561346,"ok","","",4989002,4989002,"a656aefa6e3b3e05",3,20000,NA,NA,NA,NA
5000,999,1,1,TRUE,16,128,9,"evaluation",0.210000000000001,0.2132902,"ok","","",NA,NA,"1ac086a6387b6904",NA,160000,NA,NA,0.2132902,NA
5000,999,1,1,TRUE,16,128,9,"full",0.280000000000001,0.2725519,"ok","","",4989002,4989002,"a656aefa6e3b3e05",3,2600000,0.0002937,0.0574294,0.2144296,3e-07
5000,999,1,1,TRUE,16,128,10,"full",0.259999999999998,0.2719757,"ok","","",4989002,4989002,"a0009f368b9a67e8",3,2600000,0.000246,0.0572973,0.2142688,2e-07
5000,999,1,1,TRUE,16,128,10,"evaluation",0.219999999999999,0.2160966,"ok","","",NA,NA,"1ac086a6387b6904",NA,160000,NA,NA,0.2160966,NA
5000,999,1,1,TRUE,16,128,10,"generation",0.0700000000000003,0.0555459,"ok","","",4989002,4989002,"a0009f368b9a67e8",3,20000,NA,NA,NA,NA
5000,999,2,2,TRUE,16,128,1,"generation",0.0399999999999991,0.0578515,"ok","","",4989002,4989002,"cdd5fb8c240970cc",3,20000,NA,NA,NA,NA
5000,999,2,2,TRUE,16,128,1,"evaluation",0.130000000000003,0.1096281,"ok","","",NA,NA,"1a2146b6845c5524",NA,160000,NA,NA,0.1096281,NA
5000,999,2,2,TRUE,16,128,1,"full",0.18,0.1989345,"ok","","",4989002,4989002,"cdd5fb8c240970cc",3,2620000,0.0002544,0.0682623,0.1302531,5e-07
5000,999,2,2,TRUE,16,128,2,"full",0.170000000000002,0.183791,"ok","","",4989002,4989002,"86286a068ace2912",3,2620000,0.0002563,0.0631127,0.1202578,1.2e-06
5000,999,2,2,TRUE,16,128,2,"evaluation",0.130000000000003,0.110684,"ok","","",NA,NA,"1a2146b6845c5524",NA,160000,NA,NA,0.110684,NA
5000,999,2,2,TRUE,16,128,2,"generation",0.0399999999999991,0.0566124,"ok","","",4989002,4989002,"86286a068ace2912",3,20000,NA,NA,NA,NA
5000,999,2,2,TRUE,16,128,3,"generation",0.0799999999999983,0.0649383,"ok","","",4989002,4989002,"b817f619a2593bfe",3,20000,NA,NA,NA,NA
5000,999,2,2,TRUE,16,128,3,"evaluation",0.109999999999999,0.1107226,"ok","","",NA,NA,"1a2146b6845c5524",NA,160000,NA,NA,0.1107226,NA
5000,999,2,2,TRUE,16,128,3,"full",0.190000000000005,0.1867185,"ok","","",4989002,4989002,"b817f619a2593bfe",3,2620000,0.0002351,0.0665379,0.119584,1.3e-06
5000,999,2,2,TRUE,16,128,4,"full",0.189999999999998,0.1879398,"ok","","",4989002,4989002,"b141628d77128e23",3,2620000,0.0002838,0.0673773,0.1201259,1.5e-06
5000,999,2,2,TRUE,16,128,4,"evaluation",0.109999999999999,0.1100514,"ok","","",NA,NA,"1a2146b6845c5524",NA,160000,NA,NA,0.1100514,NA
5000,999,2,2,TRUE,16,128,4,"generation",0.0700000000000003,0.0663512,"ok","","",4989002,4989002,"b141628d77128e23",3,20000,NA,NA,NA,NA
5000,999,2,2,TRUE,16,128,5,"generation",0.0700000000000003,0.0660721,"ok","","",4989002,4989002,"946d570e11fe15e6",3,20000,NA,NA,NA,NA
5000,999,2,2,TRUE,16,128,5,"evaluation",0.109999999999999,0.1107494,"ok","","",NA,NA,"1a2146b6845c5524",NA,160000,NA,NA,0.1107494,NA
5000,999,2,2,TRUE,16,128,5,"full",0.190000000000005,0.1930743,"ok","","",4989002,4989002,"946d570e11fe15e6",3,2620000,0.0003465,0.0723998,0.1201565,4e-07
5000,999,2,2,TRUE,16,128,6,"full",0.189999999999998,0.1872623,"ok","","",4989002,4989002,"6441004e0ee0abc0",3,2620000,0.000246,0.0662271,0.1206337,1.4e-06
5000,999,2,2,TRUE,16,128,6,"evaluation",0.109999999999999,0.1101382,"ok","","",NA,NA,"1a2146b6845c5524",NA,160000,NA,NA,0.1101382,NA
5000,999,2,2,TRUE,16,128,6,"generation",0.0600000000000023,0.0570693,"ok","","",4989002,4989002,"6441004e0ee0abc0",3,20000,NA,NA,NA,NA
5000,999,2,2,TRUE,16,128,7,"generation",0.0599999999999952,0.0605748,"ok","","",4989002,4989002,"a8def96f63d4754f",3,20000,NA,NA,NA,NA
5000,999,2,2,TRUE,16,128,7,"evaluation",0.109999999999999,0.1090668,"ok","","",NA,NA,"1a2146b6845c5524",NA,160000,NA,NA,0.1090668,NA
5000,999,2,2,TRUE,16,128,7,"full",0.200000000000003,0.198867,"ok","","",4989002,4989002,"a8def96f63d4754f",3,2620000,0.0002574,0.0768788,0.1215653,4e-07
5000,999,2,2,TRUE,16,128,8,"full",0.210000000000001,0.1906986,"ok","","",4989002,4989002,"ad0a110df4f1802a",3,2620000,0.0002932,0.0681664,0.1219616,4e-07
5000,999,2,2,TRUE,16,128,8,"evaluation",0.109999999999999,0.1113641,"ok","","",NA,NA,"1a2146b6845c5524",NA,160000,NA,NA,0.1113641,NA
5000,999,2,2,TRUE,16,128,8,"generation",0.0600000000000023,0.0610961,"ok","","",4989002,4989002,"ad0a110df4f1802a",3,20000,NA,NA,NA,NA
5000,999,2,2,TRUE,16,128,9,"generation",0.0599999999999952,0.0604315,"ok","","",4989002,4989002,"a656aefa6e3b3e05",3,20000,NA,NA,NA,NA
5000,999,2,2,TRUE,16,128,9,"evaluation",0.109999999999999,0.1094586,"ok","","",NA,NA,"1a2146b6845c5524",NA,160000,NA,NA,0.1094586,NA
5000,999,2,2,TRUE,16,128,9,"full",0.190000000000005,0.186786,"ok","","",4989002,4989002,"a656aefa6e3b3e05",3,2620000,0.0002519,0.0622758,0.1238675,3e-07
5000,999,2,2,TRUE,16,128,10,"full",0.200000000000003,0.1905473,"ok","","",4989002,4989002,"a0009f368b9a67e8",3,2620000,0.0003022,0.0686584,0.1212825,4e-07
5000,999,2,2,TRUE,16,128,10,"evaluation",0.109999999999999,0.1100414,"ok","","",NA,NA,"1a2146b6845c5524",NA,160000,NA,NA,0.1100414,NA
5000,999,2,2,TRUE,16,128,10,"generation",0.0600000000000023,0.0611533,"ok","","",4989002,4989002,"a0009f368b9a67e8",3,20000,NA,NA,NA,NA
5000,9999,1,1,TRUE,16,128,1,"generation",0.569999999999993,0.5627063,"ok","","",49980002,49980002,"8c64da2547a6c42d",3,20000,NA,NA,NA,NA
5000,9999,1,1,TRUE,16,128,1,"evaluation",2.11,2.1195092,"ok","","",NA,NA,"db60c48ec160b706",NA,160000,NA,NA,2.1195092,NA
5000,9999,1,1,TRUE,16,128,1,"full",2.75,2.7489158,"ok","","",49980002,49980002,"8c64da2547a6c42d",3,2600000,0.00026,0.5915475,2.1567458,4e-07
5000,9999,1,1,TRUE,16,128,2,"full",2.8,2.7817856,"ok","","",49980002,49980002,"4896667f73eb96a3",3,2600000,0.000366,0.6107447,2.1704518,3e-07
5000,9999,1,1,TRUE,16,128,2,"evaluation",2.11,2.1144755,"ok","","",NA,NA,"db60c48ec160b706",NA,160000,NA,NA,2.1144755,NA
5000,9999,1,1,TRUE,16,128,2,"generation",0.590000000000003,0.5962905,"ok","","",49980002,49980002,"4896667f73eb96a3",3,20000,NA,NA,NA,NA
5000,9999,1,1,TRUE,16,128,3,"generation",0.609999999999999,0.5980997,"ok","","",49980002,49980002,"8ee60ca209bd3544",3,20000,NA,NA,NA,NA
5000,9999,1,1,TRUE,16,128,3,"evaluation",2.14,2.1385707,"ok","","",NA,NA,"db60c48ec160b706",NA,160000,NA,NA,2.1385707,NA
5000,9999,1,1,TRUE,16,128,3,"full",2.86,2.8636278,"ok","","",49980002,49980002,"8ee60ca209bd3544",3,2600000,0.0002602,0.7094238,2.1534616,3e-07
5000,9999,1,1,TRUE,16,128,4,"full",2.8,2.7916533,"ok","","",49980002,49980002,"a06693061b4c4cdf",3,2600000,0.0002856,0.6129785,2.1781939,3e-07
5000,9999,1,1,TRUE,16,128,4,"evaluation",2.11,2.1090854,"ok","","",NA,NA,"db60c48ec160b706",NA,160000,NA,NA,2.1090854,NA
5000,9999,1,1,TRUE,16,128,4,"generation",0.590000000000003,0.5966446,"ok","","",49980002,49980002,"a06693061b4c4cdf",3,20000,NA,NA,NA,NA
5000,9999,1,1,TRUE,16,128,5,"generation",0.590000000000003,0.5935656,"ok","","",49980002,49980002,"300a5a60241ee7cd",3,20000,NA,NA,NA,NA
5000,9999,1,1,TRUE,16,128,5,"evaluation",2.11,2.1162844,"ok","","",NA,NA,"db60c48ec160b706",NA,160000,NA,NA,2.1162844,NA
5000,9999,1,1,TRUE,16,128,5,"full",2.75999999999999,2.7699705,"ok","","",49980002,49980002,"300a5a60241ee7cd",3,2600000,0.000232,0.6003895,2.1689855,2e-07
5000,9999,1,1,TRUE,16,128,6,"full",2.78,2.7831464,"ok","","",49980002,49980002,"46a4c96202a91452",3,2600000,0.0002728,0.6102899,2.1724045,4e-07
5000,9999,1,1,TRUE,16,128,6,"evaluation",2.11,2.1171751,"ok","","",NA,NA,"db60c48ec160b706",NA,160000,NA,NA,2.1171751,NA
5000,9999,1,1,TRUE,16,128,6,"generation",0.629999999999995,0.6209524,"ok","","",49980002,49980002,"46a4c96202a91452",3,20000,NA,NA,NA,NA
5000,9999,1,1,TRUE,16,128,7,"generation",0.599999999999994,0.5963117,"ok","","",49980002,49980002,"64d50094877a39d2",3,20000,NA,NA,NA,NA
5000,9999,1,1,TRUE,16,128,7,"evaluation",2.16000000000001,2.1677599,"ok","","",NA,NA,"db60c48ec160b706",NA,160000,NA,NA,2.1677599,NA
5000,9999,1,1,TRUE,16,128,7,"full",2.78,2.7652829,"ok","","",49980002,49980002,"64d50094877a39d2",3,2600000,0.0002525,0.5904206,2.174228,2e-07
5000,9999,1,1,TRUE,16,128,8,"full",2.73999999999999,2.745221,"ok","","",49980002,49980002,"02be46ef9a18a883",3,2600000,0.0002603,0.5994971,2.1453012,2e-07
5000,9999,1,1,TRUE,16,128,8,"evaluation",2.12,2.1176822,"ok","","",NA,NA,"db60c48ec160b706",NA,160000,NA,NA,2.1176822,NA
5000,9999,1,1,TRUE,16,128,8,"generation",0.609999999999999,0.6077273,"ok","","",49980002,49980002,"02be46ef9a18a883",3,20000,NA,NA,NA,NA
5000,9999,1,1,TRUE,16,128,9,"generation",0.589999999999989,0.5826448,"ok","","",49980002,49980002,"c69bd7bd384a1f62",3,20000,NA,NA,NA,NA
5000,9999,1,1,TRUE,16,128,9,"evaluation",2.15000000000001,2.1415009,"ok","","",NA,NA,"db60c48ec160b706",NA,160000,NA,NA,2.1415009,NA
5000,9999,1,1,TRUE,16,128,9,"full",2.81,2.8121902,"ok","","",49980002,49980002,"c69bd7bd384a1f62",3,2600000,0.0002327,0.6550763,2.1565245,4e-07
5000,9999,1,1,TRUE,16,128,10,"full",2.78999999999999,2.8025406,"ok","","",49980002,49980002,"d436baa18a6441fe",3,2600000,0.0002564,0.6090053,2.1931113,2e-07
5000,9999,1,1,TRUE,16,128,10,"evaluation",2.19000000000001,2.1846757,"ok","","",NA,NA,"db60c48ec160b706",NA,160000,NA,NA,2.1846757,NA
5000,9999,1,1,TRUE,16,128,10,"generation",0.609999999999999,0.6065706,"ok","","",49980002,49980002,"d436baa18a6441fe",3,20000,NA,NA,NA,NA
5000,9999,2,2,TRUE,16,128,1,"generation",0.590000000000003,0.5955636,"ok","","",49980002,49980002,"8c64da2547a6c42d",3,20000,NA,NA,NA,NA
5000,9999,2,2,TRUE,16,128,1,"evaluation",1.10999999999999,1.1115141,"ok","","",NA,NA,"b89bdc342ee68022",NA,160000,NA,NA,1.1115141,NA
5000,9999,2,2,TRUE,16,128,1,"full",1.88999999999999,1.8990981,"ok","","",49980002,49980002,"8c64da2547a6c42d",3,2620000,0.0002632,0.6765939,1.2218879,2e-07
5000,9999,2,2,TRUE,16,128,2,"full",1.89000000000001,1.8875148,"ok","","",49980002,49980002,"4896667f73eb96a3",3,2620000,0.000287,0.6807814,1.2062718,3e-07
5000,9999,2,2,TRUE,16,128,2,"evaluation",1.13,1.1204455,"ok","","",NA,NA,"b89bdc342ee68022",NA,160000,NA,NA,1.1204455,NA
5000,9999,2,2,TRUE,16,128,2,"generation",0.590000000000003,0.590526,"ok","","",49980002,49980002,"4896667f73eb96a3",3,20000,NA,NA,NA,NA
5000,9999,2,2,TRUE,16,128,3,"generation",0.590000000000003,0.5904601,"ok","","",49980002,49980002,"8ee60ca209bd3544",3,20000,NA,NA,NA,NA
5000,9999,2,2,TRUE,16,128,3,"evaluation",1.09999999999999,1.0918782,"ok","","",NA,NA,"b89bdc342ee68022",NA,160000,NA,NA,1.0918782,NA
5000,9999,2,2,TRUE,16,128,3,"full",1.90000000000001,1.906547,"ok","","",49980002,49980002,"8ee60ca209bd3544",3,2620000,0.0003048,0.6891039,1.2166082,4e-07
5000,9999,2,2,TRUE,16,128,4,"full",1.88999999999999,1.8904251,"ok","","",49980002,49980002,"a06693061b4c4cdf",3,2620000,0.0002716,0.6797161,1.2102479,2e-07
5000,9999,2,2,TRUE,16,128,4,"evaluation",1.11000000000001,1.0953428,"ok","","",NA,NA,"b89bdc342ee68022",NA,160000,NA,NA,1.0953428,NA
5000,9999,2,2,TRUE,16,128,4,"generation",0.569999999999993,0.5692818,"ok","","",49980002,49980002,"a06693061b4c4cdf",3,20000,NA,NA,NA,NA
5000,9999,2,2,TRUE,16,128,5,"generation",0.569999999999993,0.5676553,"ok","","",49980002,49980002,"300a5a60241ee7cd",3,20000,NA,NA,NA,NA
5000,9999,2,2,TRUE,16,128,5,"evaluation",1.11000000000001,1.1177745,"ok","","",NA,NA,"b89bdc342ee68022",NA,160000,NA,NA,1.1177745,NA
5000,9999,2,2,TRUE,16,128,5,"full",1.88,1.8674835,"ok","","",49980002,49980002,"300a5a60241ee7cd",3,2620000,0.0002714,0.6534073,1.2134211,3e-07
5000,9999,2,2,TRUE,16,128,6,"full",1.87,1.8766271,"ok","","",49980002,49980002,"46a4c96202a91452",3,2620000,0.000298,0.6636411,1.212521,2e-07
5000,9999,2,2,TRUE,16,128,6,"evaluation",1.09999999999999,1.0918592,"ok","","",NA,NA,"b89bdc342ee68022",NA,160000,NA,NA,1.0918592,NA
5000,9999,2,2,TRUE,16,128,6,"generation",0.580000000000013,0.5711357,"ok","","",49980002,49980002,"46a4c96202a91452",3,20000,NA,NA,NA,NA
5000,9999,2,2,TRUE,16,128,7,"generation",0.559999999999974,0.5693571,"ok","","",49980002,49980002,"64d50094877a39d2",3,20000,NA,NA,NA,NA
5000,9999,2,2,TRUE,16,128,7,"evaluation",1.09999999999999,1.0950446,"ok","","",NA,NA,"b89bdc342ee68022",NA,160000,NA,NA,1.0950446,NA
5000,9999,2,2,TRUE,16,128,7,"full",1.84,1.8526369,"ok","","",49980002,49980002,"64d50094877a39d2",3,2620000,0.000287,0.6485162,1.203434,3e-07
5000,9999,2,2,TRUE,16,128,8,"full",1.89000000000001,1.8918013,"ok","","",49980002,49980002,"02be46ef9a18a883",3,2620000,0.0003096,0.6706935,1.2204822,3e-07
5000,9999,2,2,TRUE,16,128,8,"evaluation",1.09,1.1022333,"ok","","",NA,NA,"b89bdc342ee68022",NA,160000,NA,NA,1.1022333,NA
5000,9999,2,2,TRUE,16,128,8,"generation",0.590000000000003,0.5857545,"ok","","",49980002,49980002,"02be46ef9a18a883",3,20000,NA,NA,NA,NA
5000,9999,2,2,TRUE,16,128,9,"generation",0.599999999999994,0.5832018,"ok","","",49980002,49980002,"c69bd7bd384a1f62",3,20000,NA,NA,NA,NA
5000,9999,2,2,TRUE,16,128,9,"evaluation",1.09,1.102306,"ok","","",NA,NA,"b89bdc342ee68022",NA,160000,NA,NA,1.102306,NA
5000,9999,2,2,TRUE,16,128,9,"full",1.88,1.8719025,"ok","","",49980002,49980002,"c69bd7bd384a1f62",3,2620000,0.0002823,0.6442391,1.2269744,1e-07
5000,9999,2,2,TRUE,16,128,10,"full",1.87,1.8704937,"ok","","",49980002,49980002,"d436baa18a6441fe",3,2620000,0.0002896,0.6540802,1.2159672,3e-07
5000,9999,2,2,TRUE,16,128,10,"evaluation",1.09999999999999,1.0968784,"ok","","",NA,NA,"b89bdc342ee68022",NA,160000,NA,NA,1.0968784,NA
5000,9999,2,2,TRUE,16,128,10,"generation",0.610000000000014,0.6016937,"ok","","",49980002,49980002,"d436baa18a6441fe",3,20000,NA,NA,NA,NA
10000,999,1,1,TRUE,16,128,1,"generation",0.120000000000005,0.1189574,"ok","","",9979002,9979002,"e215548a03f5e7c3",3,40000,NA,NA,NA,NA
10000,999,1,1,TRUE,16,128,1,"evaluation",0.469999999999999,0.4660924,"ok","","",NA,NA,"e21a180864f6692b",NA,320000,NA,NA,0.4660924,NA
10000,999,1,1,TRUE,16,128,1,"full",0.609999999999985,0.604109,"ok","","",9979002,9979002,"e215548a03f5e7c3",3,5200000,0.0004827,0.1241969,0.4787785,2e-07
10000,999,1,1,TRUE,16,128,2,"full",0.610000000000014,0.613603,"ok","","",9979002,9979002,"64cf5b09b8bd1f14",3,5200000,0.0005062,0.1272976,0.4854663,2e-07
10000,999,1,1,TRUE,16,128,2,"evaluation",0.469999999999999,0.4711963,"ok","","",NA,NA,"e21a180864f6692b",NA,320000,NA,NA,0.4711963,NA
10000,999,1,1,TRUE,16,128,2,"generation",0.129999999999995,0.1190245,"ok","","",9979002,9979002,"64cf5b09b8bd1f14",3,40000,NA,NA,NA,NA
10000,999,1,1,TRUE,16,128,3,"generation",0.120000000000005,0.1190628,"ok","","",9979002,9979002,"84155236dd6d7a35",3,40000,NA,NA,NA,NA
10000,999,1,1,TRUE,16,128,3,"evaluation",0.469999999999999,0.4616561,"ok","","",NA,NA,"e21a180864f6692b",NA,320000,NA,NA,0.4616561,NA
10000,999,1,1,TRUE,16,128,3,"full",0.579999999999984,0.5869723,"ok","","",9979002,9979002,"84155236dd6d7a35",3,5200000,0.0004797,0.1204674,0.4653498,2e-07
10000,999,1,1,TRUE,16,128,4,"full",0.610000000000014,0.5958535,"ok","","",9979002,9979002,"4da0b75810289a51",3,5200000,0.0005168,0.1219361,0.472899,2e-07
10000,999,1,1,TRUE,16,128,4,"evaluation",0.469999999999999,0.4661085,"ok","","",NA,NA,"e21a180864f6692b",NA,320000,NA,NA,0.4661085,NA
10000,999,1,1,TRUE,16,128,4,"generation",0.110000000000014,0.1193525,"ok","","",9979002,9979002,"4da0b75810289a51",3,40000,NA,NA,NA,NA
10000,999,1,1,TRUE,16,128,5,"generation",0.109999999999985,0.1189766,"ok","","",9979002,9979002,"9164f1a4c16bbe05",3,40000,NA,NA,NA,NA
10000,999,1,1,TRUE,16,128,5,"evaluation",0.469999999999999,0.460977,"ok","","",NA,NA,"e21a180864f6692b",NA,320000,NA,NA,0.460977,NA
10000,999,1,1,TRUE,16,128,5,"full",0.590000000000003,0.5964887,"ok","","",9979002,9979002,"9164f1a4c16bbe05",3,5200000,0.0004996,0.1214806,0.4738079,2e-07
10000,999,1,1,TRUE,16,128,6,"full",0.610000000000014,0.5983578,"ok","","",9979002,9979002,"ad018a4f2ba7fb47",3,5200000,0.0005065,0.1220551,0.4754579,3e-07
10000,999,1,1,TRUE,16,128,6,"evaluation",0.469999999999999,0.462662,"ok","","",NA,NA,"e21a180864f6692b",NA,320000,NA,NA,0.462662,NA
10000,999,1,1,TRUE,16,128,6,"generation",0.109999999999985,0.1187618,"ok","","",9979002,9979002,"ad018a4f2ba7fb47",3,40000,NA,NA,NA,NA
10000,999,1,1,TRUE,16,128,7,"generation",0.130000000000024,0.119417,"ok","","",9979002,9979002,"a4512d22b6988aac",3,40000,NA,NA,NA,NA
10000,999,1,1,TRUE,16,128,7,"evaluation",0.45999999999998,0.4601351,"ok","","",NA,NA,"e21a180864f6692b",NA,320000,NA,NA,0.4601351,NA
10000,999,1,1,TRUE,16,128,7,"full",0.599999999999994,0.5952325,"ok","","",9979002,9979002,"a4512d22b6988aac",3,5200000,0.0005055,0.1234162,0.4705035,1e-07
10000,999,1,1,TRUE,16,128,8,"full",0.590000000000003,0.5954167,"ok","","",9979002,9979002,"7044da3f9406b964",3,5200000,0.000498,0.1220445,0.4725603,6e-07
10000,999,1,1,TRUE,16,128,8,"evaluation",0.469999999999999,0.4646176,"ok","","",NA,NA,"e21a180864f6692b",NA,320000,NA,NA,0.4646176,NA
10000,999,1,1,TRUE,16,128,8,"generation",0.130000000000024,0.1210339,"ok","","",9979002,9979002,"7044da3f9406b964",3,40000,NA,NA,NA,NA
10000,999,1,1,TRUE,16,128,9,"generation",0.119999999999976,0.1179999,"ok","","",9979002,9979002,"d7e7941e28968804",3,40000,NA,NA,NA,NA
10000,999,1,1,TRUE,16,128,9,"evaluation",0.469999999999999,0.4657061,"ok","","",NA,NA,"e21a180864f6692b",NA,320000,NA,NA,0.4657061,NA
10000,999,1,1,TRUE,16,128,9,"full",0.590000000000003,0.5933467,"ok","","",9979002,9979002,"d7e7941e28968804",3,5200000,0.0005315,0.1190074,0.4729642,2e-07
10000,999,1,1,TRUE,16,128,10,"full",0.599999999999994,0.5941949,"ok","","",9979002,9979002,"f3aaabf077a10ba7",3,5200000,0.0004869,0.1183523,0.4750156,3e-07
10000,999,1,1,TRUE,16,128,10,"evaluation",0.470000000000027,0.4647234,"ok","","",NA,NA,"e21a180864f6692b",NA,320000,NA,NA,0.4647234,NA
10000,999,1,1,TRUE,16,128,10,"generation",0.119999999999976,0.117663,"ok","","",9979002,9979002,"f3aaabf077a10ba7",3,40000,NA,NA,NA,NA
10000,999,2,2,TRUE,16,128,1,"generation",0.120000000000005,0.1180894,"ok","","",9979002,9979002,"e215548a03f5e7c3",3,40000,NA,NA,NA,NA
10000,999,2,2,TRUE,16,128,1,"evaluation",0.240000000000009,0.2377896,"ok","","",NA,NA,"51ad4f509b5c2af5",NA,320000,NA,NA,0.2377896,NA
10000,999,2,2,TRUE,16,128,1,"full",0.379999999999995,0.3824634,"ok","","",9979002,9979002,"e215548a03f5e7c3",3,5240000,0.000507,0.1244655,0.2571144,3e-07
10000,999,2,2,TRUE,16,128,2,"full",0.390000000000015,0.3845322,"ok","","",9979002,9979002,"64cf5b09b8bd1f14",3,5240000,0.0005351,0.1248173,0.25862,5e-07
10000,999,2,2,TRUE,16,128,2,"evaluation",0.25,0.2449354,"ok","","",NA,NA,"51ad4f509b5c2af5",NA,320000,NA,NA,0.2449354,NA
10000,999,2,2,TRUE,16,128,2,"generation",0.120000000000005,0.1212914,"ok","","",9979002,9979002,"64cf5b09b8bd1f14",3,40000,NA,NA,NA,NA
10000,999,2,2,TRUE,16,128,3,"generation",0.129999999999995,0.1195374,"ok","","",9979002,9979002,"84155236dd6d7a35",3,40000,NA,NA,NA,NA
10000,999,2,2,TRUE,16,128,3,"evaluation",0.25,0.245374,"ok","","",NA,NA,"51ad4f509b5c2af5",NA,320000,NA,NA,0.245374,NA
10000,999,2,2,TRUE,16,128,3,"full",0.370000000000005,0.3781631,"ok","","",9979002,9979002,"84155236dd6d7a35",3,5240000,0.0005195,0.1230306,0.2537363,4e-07
10000,999,2,2,TRUE,16,128,4,"full",0.400000000000006,0.389492,"ok","","",9979002,9979002,"4da0b75810289a51",3,5240000,0.0005205,0.1250362,0.2635368,4e-07
10000,999,2,2,TRUE,16,128,4,"evaluation",0.25,0.2430304,"ok","","",NA,NA,"51ad4f509b5c2af5",NA,320000,NA,NA,0.2430304,NA
10000,999,2,2,TRUE,16,128,4,"generation",0.119999999999976,0.117404,"ok","","",9979002,9979002,"4da0b75810289a51",3,40000,NA,NA,NA,NA
10000,999,2,2,TRUE,16,128,5,"generation",0.110000000000014,0.1173629,"ok","","",9979002,9979002,"9164f1a4c16bbe05",3,40000,NA,NA,NA,NA
10000,999,2,2,TRUE,16,128,5,"evaluation",0.25,0.2461173,"ok","","",NA,NA,"51ad4f509b5c2af5",NA,320000,NA,NA,0.2461173,NA
10000,999,2,2,TRUE,16,128,5,"full",0.370000000000005,0.3725436,"ok","","",9979002,9979002,"9164f1a4c16bbe05",3,5240000,0.0005299,0.1204996,0.2506349,3e-07
10000,999,2,2,TRUE,16,128,6,"full",0.379999999999995,0.3664158,"ok","","",9979002,9979002,"ad018a4f2ba7fb47",3,5240000,0.0005179,0.1195364,0.2459361,4e-07
10000,999,2,2,TRUE,16,128,6,"evaluation",0.22999999999999,0.2380171,"ok","","",NA,NA,"51ad4f509b5c2af5",NA,320000,NA,NA,0.2380171,NA
10000,999,2,2,TRUE,16,128,6,"generation",0.129999999999995,0.1162372,"ok","","",9979002,9979002,"ad018a4f2ba7fb47",3,40000,NA,NA,NA,NA
10000,999,2,2,TRUE,16,128,7,"generation",0.120000000000005,0.1169989,"ok","","",9979002,9979002,"a4512d22b6988aac",3,40000,NA,NA,NA,NA
10000,999,2,2,TRUE,16,128,7,"evaluation",0.240000000000009,0.2388089,"ok","","",NA,NA,"51ad4f509b5c2af5",NA,320000,NA,NA,0.2388089,NA
10000,999,2,2,TRUE,16,128,7,"full",0.370000000000005,0.3735515,"ok","","",9979002,9979002,"a4512d22b6988aac",3,5240000,0.0005141,0.1222744,0.2504029,5e-07
10000,999,2,2,TRUE,16,128,8,"full",0.389999999999986,0.3781147,"ok","","",9979002,9979002,"7044da3f9406b964",3,5240000,0.0005436,0.1237033,0.2534274,5e-07
10000,999,2,2,TRUE,16,128,8,"evaluation",0.240000000000009,0.239351,"ok","","",NA,NA,"51ad4f509b5c2af5",NA,320000,NA,NA,0.239351,NA
10000,999,2,2,TRUE,16,128,8,"generation",0.120000000000005,0.1198713,"ok","","",9979002,9979002,"7044da3f9406b964",3,40000,NA,NA,NA,NA
10000,999,2,2,TRUE,16,128,9,"generation",0.129999999999995,0.1185158,"ok","","",9979002,9979002,"d7e7941e28968804",3,40000,NA,NA,NA,NA
10000,999,2,2,TRUE,16,128,9,"evaluation",0.22999999999999,0.2370913,"ok","","",NA,NA,"51ad4f509b5c2af5",NA,320000,NA,NA,0.2370913,NA
10000,999,2,2,TRUE,16,128,9,"full",0.379999999999995,0.3664251,"ok","","",9979002,9979002,"d7e7941e28968804",3,5240000,0.0005191,0.1197831,0.2453302,5e-07
10000,999,2,2,TRUE,16,128,10,"full",0.360000000000014,0.3666412,"ok","","",9979002,9979002,"f3aaabf077a10ba7",3,5240000,0.0005182,0.1198505,0.2459025,2e-07
10000,999,2,2,TRUE,16,128,10,"evaluation",0.25,0.2368467,"ok","","",NA,NA,"51ad4f509b5c2af5",NA,320000,NA,NA,0.2368467,NA
10000,999,2,2,TRUE,16,128,10,"generation",0.109999999999985,0.1166734,"ok","","",9979002,9979002,"f3aaabf077a10ba7",3,40000,NA,NA,NA,NA
10000,9999,1,1,TRUE,16,128,1,"generation",1.18000000000001,1.1580904,"ok","","",99970002,99970002,"dac8b018454c1aa3",3,40000,NA,NA,NA,NA
10000,9999,1,1,TRUE,16,128,1,"evaluation",4.63999999999999,4.6470703,"ok","","",NA,NA,"d4ece75cc263acba",NA,320000,NA,NA,4.6470703,NA
10000,9999,1,1,TRUE,16,128,1,"full",5.94999999999999,5.9427822,"ok","","",99970002,99970002,"dac8b018454c1aa3",3,5200000,0.000477,1.1900857,4.7514929,3e-07
10000,9999,1,1,TRUE,16,128,2,"full",5.87,5.8684667,"ok","","",99970002,99970002,"c0605a3ee6b02499",3,5200000,0.000476,1.1754899,4.6921493,3e-07
10000,9999,1,1,TRUE,16,128,2,"evaluation",4.61000000000001,4.6169808,"ok","","",NA,NA,"d4ece75cc263acba",NA,320000,NA,NA,4.6169808,NA
10000,9999,1,1,TRUE,16,128,2,"generation",1.18000000000001,1.1672703,"ok","","",99970002,99970002,"c0605a3ee6b02499",3,40000,NA,NA,NA,NA
10000,9999,1,1,TRUE,16,128,3,"generation",1.14999999999998,1.1486603,"ok","","",99970002,99970002,"f807af9fb508d619",3,40000,NA,NA,NA,NA
10000,9999,1,1,TRUE,16,128,3,"evaluation",4.61000000000001,4.6111574,"ok","","",NA,NA,"d4ece75cc263acba",NA,320000,NA,NA,4.6111574,NA
10000,9999,1,1,TRUE,16,128,3,"full",5.91999999999999,5.9222692,"ok","","",99970002,99970002,"f807af9fb508d619",3,5200000,0.0004762,1.1780193,4.743029,4e-07
10000,9999,1,1,TRUE,16,128,4,"full",6.28,6.2709045,"ok","","",99970002,99970002,"64f14df69eca5ff1",3,5200000,0.0005016,1.5135724,4.7564729,3e-07
10000,9999,1,1,TRUE,16,128,4,"evaluation",4.69,4.6882261,"ok","","",NA,NA,"d4ece75cc263acba",NA,320000,NA,NA,4.6882261,NA
10000,9999,1,1,TRUE,16,128,4,"generation",1.38,1.3688022,"ok","","",99970002,99970002,"64f14df69eca5ff1",3,40000,NA,NA,NA,NA
10000,9999,1,1,TRUE,16,128,5,"generation",1.17000000000002,1.1686549,"ok","","",99970002,99970002,"a64496e46a8415d5",3,40000,NA,NA,NA,NA
10000,9999,1,1,TRUE,16,128,5,"evaluation",4.66999999999999,4.6633364,"ok","","",NA,NA,"d4ece75cc263acba",NA,320000,NA,NA,4.6633364,NA
10000,9999,1,1,TRUE,16,128,5,"full",5.94000000000003,5.9384917,"ok","","",99970002,99970002,"a64496e46a8415d5",3,5200000,0.0005232,1.18881,4.7482266,2e-07
10000,9999,1,1,TRUE,16,128,6,"full",5.94999999999999,5.9483327,"ok","","",99970002,99970002,"bf75b594567682e6",3,5200000,0.0005212,1.1938386,4.7535288,3e-07
10000,9999,1,1,TRUE,16,128,6,"evaluation",4.65999999999997,4.6562949,"ok","","",NA,NA,"d4ece75cc263acba",NA,320000,NA,NA,4.6562949,NA
10000,9999,1,1,TRUE,16,128,6,"generation",1.17000000000002,1.1688988,"ok","","",99970002,99970002,"bf75b594567682e6",3,40000,NA,NA,NA,NA
10000,9999,1,1,TRUE,16,128,7,"generation",1.16000000000003,1.1568856,"ok","","",99970002,99970002,"879f9c7b9d4b6957",3,40000,NA,NA,NA,NA
10000,9999,1,1,TRUE,16,128,7,"evaluation",4.64999999999998,4.6427595,"ok","","",NA,NA,"d4ece75cc263acba",NA,320000,NA,NA,4.6427595,NA
10000,9999,1,1,TRUE,16,128,7,"full",5.88999999999999,5.8896464,"ok","","",99970002,99970002,"879f9c7b9d4b6957",3,5200000,0.0005062,1.1805497,4.7076409,3e-07
10000,9999,1,1,TRUE,16,128,8,"full",5.96000000000004,5.9482689,"ok","","",99970002,99970002,"23d2a8024ff3e8f7",3,5200000,0.000506,1.1901718,4.7572278,4e-07
10000,9999,1,1,TRUE,16,128,8,"evaluation",4.68000000000001,4.6851168,"ok","","",NA,NA,"d4ece75cc263acba",NA,320000,NA,NA,4.6851168,NA
10000,9999,1,1,TRUE,16,128,8,"generation",1.16999999999996,1.1769056,"ok","","",99970002,99970002,"23d2a8024ff3e8f7",3,40000,NA,NA,NA,NA
10000,9999,1,1,TRUE,16,128,9,"generation",1.21000000000004,1.1999025,"ok","","",99970002,99970002,"ecaf71fc64f1d26e",3,40000,NA,NA,NA,NA
10000,9999,1,1,TRUE,16,128,9,"evaluation",4.66999999999996,4.6629081,"ok","","",NA,NA,"d4ece75cc263acba",NA,320000,NA,NA,4.6629081,NA
10000,9999,1,1,TRUE,16,128,9,"full",5.94,5.9375212,"ok","","",99970002,99970002,"ecaf71fc64f1d26e",3,5200000,0.0005342,1.20193,4.7339816,4e-07
10000,9999,1,1,TRUE,16,128,10,"full",5.97000000000003,5.9625575,"ok","","",99970002,99970002,"4ae3c51768381d3c",3,5200000,0.0005708,1.1971443,4.7644505,2e-07
10000,9999,1,1,TRUE,16,128,10,"evaluation",4.64999999999998,4.653985,"ok","","",NA,NA,"d4ece75cc263acba",NA,320000,NA,NA,4.653985,NA
10000,9999,1,1,TRUE,16,128,10,"generation",1.17000000000002,1.1776797,"ok","","",99970002,99970002,"4ae3c51768381d3c",3,40000,NA,NA,NA,NA
10000,9999,2,2,TRUE,16,128,1,"generation",1.19,1.1914135,"ok","","",99970002,99970002,"dac8b018454c1aa3",3,40000,NA,NA,NA,NA
10000,9999,2,2,TRUE,16,128,1,"evaluation",2.37,2.3637567,"ok","","",NA,NA,"10f540243679cd72",NA,320000,NA,NA,2.3637567,NA
10000,9999,2,2,TRUE,16,128,1,"full",3.69999999999999,3.701782,"ok","","",99970002,99970002,"dac8b018454c1aa3",3,5240000,0.0005131,1.2183948,2.4820332,4e-07
10000,9999,2,2,TRUE,16,128,2,"full",3.75,3.7423204,"ok","","",99970002,99970002,"c0605a3ee6b02499",3,5240000,0.0005105,1.2305476,2.5108832,5e-07
10000,9999,2,2,TRUE,16,128,2,"evaluation",2.38,2.3781951,"ok","","",NA,NA,"10f540243679cd72",NA,320000,NA,NA,2.3781951,NA
10000,9999,2,2,TRUE,16,128,2,"generation",1.19,1.1782203,"ok","","",99970002,99970002,"c0605a3ee6b02499",3,40000,NA,NA,NA,NA
10000,9999,2,2,TRUE,16,128,3,"generation",1.17000000000002,1.175317,"ok","","",99970002,99970002,"f807af9fb508d619",3,40000,NA,NA,NA,NA
10000,9999,2,2,TRUE,16,128,3,"evaluation",2.37,2.3737445,"ok","","",NA,NA,"10f540243679cd72",NA,320000,NA,NA,2.3737445,NA
10000,9999,2,2,TRUE,16,128,3,"full",3.76999999999998,3.7577661,"ok","","",99970002,99970002,"f807af9fb508d619",3,5240000,0.0005036,1.2329073,2.5236045,5e-07
10000,9999,2,2,TRUE,16,128,4,"full",3.75,3.7554426,"ok","","",99970002,99970002,"64f14df69eca5ff1",3,5240000,0.0005209,1.2409341,2.5135798,3e-07
10000,9999,2,2,TRUE,16,128,4,"evaluation",2.41000000000003,2.3900312,"ok","","",NA,NA,"10f540243679cd72",NA,320000,NA,NA,2.3900312,NA
10000,9999,2,2,TRUE,16,128,4,"generation",1.19999999999999,1.2038371,"ok","","",99970002,99970002,"64f14df69eca5ff1",3,40000,NA,NA,NA,NA
10000,9999,2,2,TRUE,16,128,5,"generation",1.17000000000002,1.1698202,"ok","","",99970002,99970002,"a64496e46a8415d5",3,40000,NA,NA,NA,NA
10000,9999,2,2,TRUE,16,128,5,"evaluation",2.38,2.3810445,"ok","","",NA,NA,"10f540243679cd72",NA,320000,NA,NA,2.3810445,NA
10000,9999,2,2,TRUE,16,128,5,"full",3.73000000000002,3.7211982,"ok","","",99970002,99970002,"a64496e46a8415d5",3,5240000,0.0005155,1.2220339,2.4978775,4e-07
10000,9999,2,2,TRUE,16,128,6,"full",3.81,3.8194627,"ok","","",99970002,99970002,"bf75b594567682e6",3,5240000,0.0005319,1.2510393,2.5674593,4e-07
10000,9999,2,2,TRUE,16,128,6,"evaluation",2.39999999999998,2.4178502,"ok","","",NA,NA,"10f540243679cd72",NA,320000,NA,NA,2.4178502,NA
10000,9999,2,2,TRUE,16,128,6,"generation",1.19,1.1772026,"ok","","",99970002,99970002,"bf75b594567682e6",3,40000,NA,NA,NA,NA
10000,9999,2,2,TRUE,16,128,7,"generation",1.21000000000004,1.2045645,"ok","","",99970002,99970002,"879f9c7b9d4b6957",3,40000,NA,NA,NA,NA
10000,9999,2,2,TRUE,16,128,7,"evaluation",2.38999999999999,2.3839044,"ok","","",NA,NA,"10f540243679cd72",NA,320000,NA,NA,2.3839044,NA
10000,9999,2,2,TRUE,16,128,7,"full",3.75,3.7419218,"ok","","",99970002,99970002,"879f9c7b9d4b6957",3,5240000,0.0005142,1.2302018,2.510441,6e-07
10000,9999,2,2,TRUE,16,128,8,"full",3.75,3.7508125,"ok","","",99970002,99970002,"23d2a8024ff3e8f7",3,5240000,0.0005141,1.2278869,2.5220472,1e-07
10000,9999,2,2,TRUE,16,128,8,"evaluation",2.48000000000002,2.4868053,"ok","","",NA,NA,"10f540243679cd72",NA,320000,NA,NA,2.4868053,NA
10000,9999,2,2,TRUE,16,128,8,"generation",1.19,1.1874486,"ok","","",99970002,99970002,"23d2a8024ff3e8f7",3,40000,NA,NA,NA,NA
10000,9999,2,2,TRUE,16,128,9,"generation",1.18000000000001,1.1851959,"ok","","",99970002,99970002,"ecaf71fc64f1d26e",3,40000,NA,NA,NA,NA
10000,9999,2,2,TRUE,16,128,9,"evaluation",2.40999999999997,2.4102472,"ok","","",NA,NA,"10f540243679cd72",NA,320000,NA,NA,2.4102472,NA
10000,9999,2,2,TRUE,16,128,9,"full",3.87,3.8720059,"ok","","",99970002,99970002,"ecaf71fc64f1d26e",3,5240000,0.0005156,1.3162062,2.5544981,4e-07
10000,9999,2,2,TRUE,16,128,10,"full",3.77000000000004,3.7606603,"ok","","",99970002,99970002,"4ae3c51768381d3c",3,5240000,0.0005106,1.2329473,2.5268241,6e-07
10000,9999,2,2,TRUE,16,128,10,"evaluation",2.44,2.4311091,"ok","","",NA,NA,"10f540243679cd72",NA,320000,NA,NA,2.4311091,NA
10000,9999,2,2,TRUE,16,128,10,"generation",1.19999999999999,1.2085737,"ok","","",99970002,99970002,"4ae3c51768381d3c",3,40000,NA,NA,NA,NA
