"n","nsim","n_threads_requested","n_threads_effective","openmp_compiled","openmp_max_threads","simulation_chunk","phase","observations","ok_observations","median_s","IQR_s","wall_median_s","wall_IQR_s","native_median_s","native_IQR_s","warnings"
10000,999,1,1,TRUE,16,128,"evaluation",10,10,0.4646705,0.00408825000000002,0.469999999999999,0,0.4646705,0.00408825000000002,""
10000,999,1,1,TRUE,16,128,"full",10,10,0.5956351,0.00343622500000007,0.599999999999994,0.0200000000000031,0.5956351,0.00343622500000007,""
10000,999,1,1,TRUE,16,128,"generation",10,10,0.11900055,0.000469375000000022,0.11999999999999,0.0149999999999935,0.11900055,0.000469375000000022,""
10000,999,2,2,TRUE,16,128,"evaluation",10,10,0.23907995,0.00661267499999998,0.245000000000005,0.00999999999999091,0.23907995,0.00661267499999998,""
10000,999,2,2,TRUE,16,128,"full",10,10,0.3758331,0.013271525,0.379999999999995,0.0174999999999841,0.3758331,0.013271525,""
10000,999,2,2,TRUE,16,128,"generation",10,10,0.1177467,0.0021921,0.120000000000005,0.0075000000000145,0.1177467,0.0021921,""
10000,9999,1,1,TRUE,16,128,"evaluation",10,10,4.65513995,0.0193921250000004,4.65499999999997,0.0274999999999963,4.65513995,0.0193921250000004,""
10000,9999,1,1,TRUE,16,128,"full",10,10,5.94063695,0.0222345500000003,5.94500000000001,0.0325000000000344,5.94063695,0.0222345500000003,""
10000,9999,1,1,TRUE,16,128,"generation",10,10,1.16877685,0.0171007999999999,1.17000000000002,0.0100000000000335,1.16877685,0.0171007999999999,""
10000,9999,2,2,TRUE,16,128,"evaluation",10,10,2.3869678,0.0370420000000005,2.39499999999998,0.0300000000000153,2.3869678,0.0370420000000005,""
10000,9999,2,2,TRUE,16,128,"full",10,10,3.75312755,0.0179152999999999,3.75,0.0200000000000244,3.75312755,0.0179152999999999,""
10000,9999,2,2,TRUE,16,128,"generation",10,10,1.18632225,0.0232741750000001,1.19,0.0149999999999864,1.18632225,0.0232741750000001,""
2000,999,1,1,TRUE,16,128,"evaluation",10,10,0.06619555,0.000454424999999994,0.0700000000000003,0.0149999999999997,0.06619555,0.000454424999999994,""
2000,999,1,1,TRUE,16,128,"full",10,10,0.08987755,0.000481200000000001,0.0899999999999999,0.0100000000000007,0.08987755,0.000481200000000001,""
2000,999,1,1,TRUE,16,128,"generation",10,10,0.02253305,0.000429125000000002,0.0200000000000014,0.0174999999999965,0.02253305,0.000429125000000002,""
2000,999,2,2,TRUE,16,128,"evaluation",10,10,0.03495975,0.000904050000000003,0.0300000000000011,0,0.03495975,0.000904050000000003,""
2000,999,2,2,TRUE,16,128,"full",10,10,0.06405975,0.0021016,0.0700000000000003,0.0100000000000016,0.06405975,0.0021016,""
2000,999,2,2,TRUE,16,128,"generation",10,10,0.0231956,0.000504499999999998,0.0250000000000004,0.017500000000001,0.0231956,0.000504499999999998,""
2000,9999,1,1,TRUE,16,128,"evaluation",10,10,0.66528935,0.00376472500000002,0.670000000000002,0.00749999999999851,0.66528935,0.00376472500000002,""
2000,9999,1,1,TRUE,16,128,"full",10,10,0.9012274,0.00821307500000001,0.909999999999998,0.00750000000000206,0.9012274,0.00821307500000001,""
2000,9999,1,1,TRUE,16,128,"generation",10,10,0.22777835,0.00222785,0.229999999999999,0.0150000000000006,0.22777835,0.00222785,""
2000,9999,2,2,TRUE,16,128,"evaluation",10,10,0.3408094,0.00179087499999997,0.339999999999996,5.32907051820075e-15,0.3408094,0.00179087499999997,""
2000,9999,2,2,TRUE,16,128,"full",10,10,0.6363159,0.0121583,0.640000000000001,0,0.6363159,0.0121583,""
2000,9999,2,2,TRUE,16,128,"generation",10,10,0.22960725,0.00442365,0.229999999999997,0.0149999999999988,0.22960725,0.00442365,""
500,999,1,1,TRUE,16,128,"evaluation",10,10,0.01642975,0.000394149999999996,0.0100000000000007,0.00999999999999979,0.01642975,0.000394149999999996,""
500,999,1,1,TRUE,16,128,"full",10,10,0.0221849,0.000291050000000001,0.0199999999999996,0.0174999999999996,0.0221849,0.000291050000000001,""
500,999,1,1,TRUE,16,128,"generation",10,10,0.00568855,0.0002317,0,0.0174999999999996,0.00568855,0.0002317,""
500,999,2,2,TRUE,16,128,"evaluation",10,10,0.00935535,0.000266825,0.00999999999999979,0.0149999999999997,0.00935535,0.000266825,""
500,999,2,2,TRUE,16,128,"full",10,10,0.0164063,0.001400525,0.0199999999999996,0.0100000000000007,0.0164063,0.001400525,""
500,999,2,2,TRUE,16,128,"generation",10,10,0.0059343,0.00094365,0,0.0149999999999997,0.0059343,0.00094365,""
500,9999,1,1,TRUE,16,128,"evaluation",10,10,0.1655914,0.00227492500000001,0.17,0.00749999999999984,0.1655914,0.00227492500000001,""
500,9999,1,1,TRUE,16,128,"full",10,10,0.2237534,0.00133620000000001,0.220000000000001,0.00999999999999979,0.2237534,0.00133620000000001,""
500,9999,1,1,TRUE,16,128,"generation",10,10,0.05663205,0.000574400000000003,0.0549999999999997,0.00999999999999934,0.05663205,0.000574400000000003,""
500,9999,2,2,TRUE,16,128,"evaluation",10,10,0.0862914,0.000589674999999998,0.0899999999999999,0,0.0862914,0.000589674999999998,""
500,9999,2,2,TRUE,16,128,"full",10,10,0.15867955,0.00734522500000001,0.16,0,0.15867955,0.00734522500000001,""
500,9999,2,2,TRUE,16,128,"generation",10,10,0.05773435,0.000905649999999994,0.0600000000000005,0.0100000000000011,0.05773435,0.000905649999999994,""
5000,999,1,1,TRUE,16,128,"evaluation",10,10,0.2128423,0.001918375,0.210000000000001,0.019999999999996,0.2128423,0.001918375,""
5000,999,1,1,TRUE,16,128,"full",10,10,0.2733063,0.00246097499999998,0.280000000000001,0.0100000000000033,0.2733063,0.00246097499999998,""
5000,999,1,1,TRUE,16,128,"generation",10,10,0.05636495,0.000826950000000007,0.0600000000000023,0.0174999999999983,0.05636495,0.000826950000000007,""
5000,999,2,2,TRUE,16,128,"evaluation",10,10,0.1100948,0.000981524999999997,0.109999999999999,0,0.1100948,0.000981524999999997,""
5000,999,2,2,TRUE,16,128,"full",10,10,0.18924355,0.00557529999999998,0.190000000000005,0.00750000000000561,0.18924355,0.00557529999999998,""
5000,999,2,2,TRUE,16,128,"generation",10,10,0.06083545,0.00549555000000001,0.0600000000000023,0.00750000000000561,0.06083545,0.00549555000000001,""
5000,9999,1,1,TRUE,16,128,"evaluation",10,10,2.1185957,0.0242612749999997,2.115,0.037500000000005,2.1185957,0.0242612749999997,""
5000,9999,1,1,TRUE,16,128,"full",10,10,2.782466,0.0333639749999999,2.785,0.0350000000000037,2.782466,0.0333639749999999,""
5000,9999,1,1,TRUE,16,128,"generation",10,10,0.59647815,0.01020605,0.594999999999999,0.019999999999996,0.59647815,0.01020605,""
5000,9999,2,2,TRUE,16,128,"evaluation",10,10,1.09955585,0.0140929249999999,1.09999999999999,0.0100000000000122,1.09955585,0.0140929249999999,""
5000,9999,2,2,TRUE,16,128,"full",10,10,1.88207095,0.02061135,1.88499999999999,0.0175000000000054,1.88207095,0.02061135,""
5000,9999,2,2,TRUE,16,128,"generation",10,10,0.58447815,0.020707775,0.590000000000003,0.0175000000000054,0.58447815,0.020707775,""
